
-- data generated by /afs/inf.ed.ac.uk/user/p/pguaglia/bin/datafiller version 2.0.0 (r792 on 2014-03-23) for postgresql

-- drop tables
DROP TABLE IF EXISTS payments;
DROP TABLE IF EXISTS invoices;
DROP TABLE IF EXISTS details;
DROP TABLE IF EXISTS orders;
DROP TABLE IF EXISTS products;
DROP TABLE IF EXISTS customers;

-- INPUT FILE BEGIN
-- df: null=0

CREATE TABLE Customers (  -- df: mult=1
    custid   INTEGER PRIMARY KEY,
    cname    VARCHAR(14), -- df: word=names.txt sub=power rate=0.016
    country  CHAR(3)      -- df: word=:GBR,USA,ITA,CHN,JPN
);

-- df price1: int size=999 sub=power alpha=4
-- df price2: int size=99
-- df dot:    const='.'
-- df price:  cat=price1,dot,price2
CREATE TABLE Products (   -- df: size=1000
    pcode    INTEGER PRIMARY KEY,
    pname    VARCHAR(10),
    pdesc    VARCHAR(20),
    price    NUMERIC(6,2) -- df: use=price
);

CREATE TABLE Orders (     -- df: mult=3
    ordid    INTEGER PRIMARY KEY,
    odate    DATE,        -- df: start=2015-01-01 end=2016-09-30
    ocust    INTEGER NOT NULL REFERENCES Customers -- df: null=0
);

CREATE TABLE Details (    -- df: mult=15
    ordid    INTEGER REFERENCES Orders,            -- df: null=0
    pcode    INTEGER REFERENCES Products,          -- df: null=0
    qty      SMALLINT,    -- df: int size=10 sub=power alpha=10
    PRIMARY KEY (ordid, pcode)
);

CREATE TABLE Invoices (    -- df: mult=2
    invid    INTEGER PRIMARY KEY,
    ordid    INTEGER NOT NULL UNIQUE REFERENCES Orders, -- df: null=0 mangle
    amount   NUMERIC(8,2), -- df: use=price
    issued   DATE,         -- df: start=2015-01-01 end=2016-09-30
    due      DATE          -- df: start=2015-01-01 end=2016-09-30
);

CREATE TABLE Payments (    -- df: mult=6
    payid    INTEGER PRIMARY KEY,
    tstamp   TIMESTAMP,    -- df: start='2015-01-01 00:00:00' end='2016-09-30 00:00:00'
    amount   NUMERIC(8,2), -- df: use=price
    invid    INTEGER NOT NULL REFERENCES Invoices
);
-- INPUT FILE END

-- fill table customers (100)
\echo # filling table customers (100)
COPY customers (custid,cname,country) FROM STDIN (ENCODING 'UTF-8');
1	Homer	CHN
2	Thomas	CHN
3	Cecil	ITA
4	Otto	ITA
5	Christopher	CHN
6	Terresa	GBR
7	Diedre	USA
8	Stanley	GBR
9	Maya	USA
10	Gabriel	USA
11	Rocky	USA
12	Vernie	ITA
13	Everett	CHN
14	Quentin	ITA
15	Ollie	USA
16	Gerald	CHN
17	Tamatha	USA
18	Raymon	ITA
19	Essie	ITA
20	Albert	ITA
21	My	USA
22	Terese	USA
23	Maynard	USA
24	Marchelle	ITA
25	Martine	JPN
26	Fredrick	ITA
27	Rod	CHN
28	Hermelinda	CHN
29	Crystal	CHN
30	Tonya	USA
31	Gayla	USA
32	Alvaro	USA
33	Helen	JPN
34	Regina	JPN
35	Bobbie	ITA
36	Kami	CHN
37	Kayleigh	ITA
38	Donny	GBR
39	Christal	USA
40	Sabina	GBR
41	Arnita	ITA
42	Richard	GBR
43	Keshia	GBR
44	Maurine	JPN
45	Delores	ITA
46	Vito	USA
47	Randolph	ITA
48	Xuan	GBR
49	Robert	JPN
50	Chuck	JPN
51	Sylvia	JPN
52	Grace	USA
53	Brian	ITA
54	Sandra	ITA
55	Florinda	ITA
56	Timika	CHN
57	Shirley	USA
58	Jospeh	GBR
59	Christia	USA
60	Marian	CHN
61	Audrey	CHN
62	Michale	ITA
63	Corey	CHN
64	Henriette	ITA
65	Susanna	GBR
66	Virgilio	JPN
67	Walton	USA
68	Doreen	GBR
69	Brittney	ITA
70	Nieves	CHN
71	Miranda	JPN
72	Mauro	GBR
73	Anthony	GBR
74	Stormy	USA
75	Melissa	GBR
76	Shu	USA
77	Angella	GBR
78	Wynell	JPN
79	Harlan	GBR
80	Marth	CHN
81	Daniell	CHN
82	Ned	CHN
83	James	CHN
84	Elias	USA
85	Joseph	JPN
86	Tressa	GBR
87	Shawn	ITA
88	Wilford	USA
89	Akiko	USA
90	Janet	GBR
91	Eleonor	USA
92	Erwin	JPN
93	Brittney	GBR
94	Jonell	CHN
95	Benjamin	JPN
96	Leisha	ITA
97	Guadalupe	JPN
98	Noelle	USA
99	Chang	CHN
100	Regena	GBR
\.

-- fill table products (1000)
\echo # filling table products (1000)
COPY products (pcode,pname,pdesc,price) FROM STDIN (ENCODING 'UTF-8');
1	pname_13	pdesc_215_215_215_21	44.83
2	pname_3	pdesc_762_762_762	1.11
3	pname_22_2	pdesc_715_715_71	1.90
4	pname_33	pdesc_677_677_677_	761.68
5	pname_298	pdesc_556_556_556_5	351.54
6	pname_2	pdesc_799_799_799_79	463.79
7	pname_395	pdesc_397_397_39	29.16
8	pname_10_	pdesc_654_654_654	35.31
9	pname_2	pdesc_236_236_2	114.84
10	pname_68_6	pdesc_712_712_712_7	25.13
11	pname_53_	pdesc_423_423_423_	8.43
12	pname_3	pdesc_685_685_685_68	1.79
13	pname_81	pdesc_995_995_99	556.44
14	pname_4	pdesc_22_22_22_22_2	16.53
15	pname_543	pdesc_693_693_69	265.5
16	pname_3	pdesc_902_902_902_9	1.6
17	pname_548_	pdesc_207_207_207_	37.53
18	pname_584_	pdesc_750_750_7	1.19
19	pname_649_	pdesc_804_804_8	148.43
20	pname_5	pdesc_994_994_994_9	70.38
21	pname_953	pdesc_872_872_872	32.11
22	pname_960_	pdesc_546_546_546	71.55
23	pname_609_	pdesc_275_275_275_27	1.21
24	pname_684	pdesc_316_316_3	131.94
25	pname_98	pdesc_9_9_9_9_9_9_9_	10.20
26	pname_476	pdesc_148_148_148_1	21.14
27	pname_907	pdesc_952_952_952	423.49
28	pname_998_	pdesc_481_481_481_	149.95
29	pname_10	pdesc_751_751_751_	528.70
30	pname_669_	pdesc_396_396_396_3	36.41
31	pname_426	pdesc_532_532_5	71.61
32	pname_9	pdesc_352_352_352	521.61
33	pname_675_	pdesc_326_326_326	1.75
34	pname_477_	pdesc_194_194_194	1.28
35	pname_3	pdesc_758_758_7	52.54
36	pname_648	pdesc_834_834_8	10.62
37	pname_7	pdesc_144_144_144_1	481.74
38	pname_7	pdesc_426_426_4	449.84
39	pname_628	pdesc_536_536_5	19.46
40	pname_47	pdesc_412_412_412_4	1.51
41	pname_8	pdesc_42_42_42_42	727.24
42	pname_669_	pdesc_403_403_403_40	289.59
43	pname_2	pdesc_827_827_82	220.15
44	pname_786_	pdesc_254_254_254_2	33.38
45	pname_8	pdesc_669_669_66	786.62
46	pname_88	pdesc_137_137_137_13	16.64
47	pname_8	pdesc_560_560_5	25.63
48	pname_2	pdesc_26_26_26_26	658.6
49	pname_4	pdesc_769_769_769_76	845.94
50	pname_990_	pdesc_484_484_4	72.17
51	pname_749	pdesc_547_547_547_54	166.70
52	pname_980_	pdesc_536_536_5	820.39
53	pname_54	pdesc_293_293_293_	1.19
54	pname_9	pdesc_431_431_431_43	684.12
55	pname_9	pdesc_242_242_242	8.15
56	pname_37	pdesc_280_280_280_2	753.13
57	pname_75	pdesc_686_686_686	114.69
58	pname_1	pdesc_82_82_82_82_8	1.25
59	pname_15	pdesc_152_152_1	3.50
60	pname_752_	pdesc_819_819_819_81	372.45
61	pname_3	pdesc_307_307_30	633.80
62	pname_27	pdesc_314_314_3	1.65
63	pname_341	pdesc_556_556_556_5	772.63
64	pname_17	pdesc_732_732_732	139.64
65	pname_24_2	pdesc_457_457_457_	995.92
66	pname_137	pdesc_187_187_187_	656.16
67	pname_456	pdesc_944_944_9	1.11
68	pname_9	pdesc_85_85_85_85_8	117.71
69	pname_178_	pdesc_658_658_658	868.45
70	pname_644	pdesc_582_582_582_5	75.23
71	pname_78	pdesc_310_310_3	162.99
72	pname_86	pdesc_828_828_828_8	1.94
73	pname_77	pdesc_628_628_628	14.91
74	pname_215_	pdesc_217_217_217_21	429.16
75	pname_984_	pdesc_916_916_9	117.47
76	pname_245_	pdesc_894_894_8	162.9
77	pname_96	pdesc_36_36_36_3	537.55
78	pname_2	pdesc_306_306_306_3	1.92
79	pname_31	pdesc_327_327_327_32	1.20
80	pname_631_	pdesc_165_165_165_16	68.79
81	pname_255_	pdesc_407_407_407_40	867.26
82	pname_654	pdesc_209_209_209_	24.77
83	pname_92	pdesc_439_439_439_43	685.64
84	pname_6	pdesc_232_232_2	10.33
85	pname_6	pdesc_519_519_519_51	1.43
86	pname_3	pdesc_936_936_936_9	591.75
87	pname_560_	pdesc_93_93_93_9	5.84
88	pname_751	pdesc_179_179_17	197.93
89	pname_886	pdesc_341_341_341_	12.94
90	pname_9	pdesc_345_345_345_	1.66
91	pname_6	pdesc_252_252_252_2	737.32
92	pname_90	pdesc_47_47_47_47_4	24.16
93	pname_20	pdesc_440_440_440_4	15.26
94	pname_896	pdesc_383_383_383_38	973.76
95	pname_648	pdesc_121_121_121_	257.14
96	pname_84	pdesc_672_672_6	19.69
97	pname_432	pdesc_607_607_60	50.4
98	pname_8	pdesc_565_565_565_	84.3
99	pname_1	pdesc_101_101_101_10	29.32
100	pname_625_	pdesc_633_633_63	71.91
101	pname_873_	pdesc_720_720_7	7.91
102	pname_3	pdesc_222_222_222_2	2.49
103	pname_1	pdesc_600_600_600_6	807.71
104	pname_7	pdesc_907_907_90	107.40
105	pname_412	pdesc_450_450_4	310.88
106	pname_89	pdesc_299_299_299_	40.16
107	pname_482	pdesc_794_794_794	821.90
108	pname_504_	pdesc_561_561_561_	1.5
109	pname_164_	pdesc_182_182_1	279.42
110	pname_53	pdesc_118_118_118_1	487.18
111	pname_58	pdesc_344_344_3	1.18
112	pname_170_	pdesc_690_690_690_6	786.24
113	pname_8	pdesc_468_468_468	888.90
114	pname_371	pdesc_529_529_52	258.55
115	pname_94	pdesc_329_329_329_32	536.97
116	pname_472	pdesc_197_197_197_19	173.86
117	pname_235_	pdesc_735_735_735_73	1.13
118	pname_66	pdesc_541_541_541_54	455.85
119	pname_329	pdesc_300_300_300_3	539.83
120	pname_26	pdesc_826_826_826_8	824.5
121	pname_872	pdesc_223_223_22	8.28
122	pname_923	pdesc_820_820_820_8	14.72
123	pname_391	pdesc_616_616_6	1.54
124	pname_339	pdesc_474_474_474_4	289.21
125	pname_87	pdesc_441_441_44	58.4
126	pname_79	pdesc_821_821_82	139.32
127	pname_1	pdesc_870_870_870	123.38
128	pname_87	pdesc_809_809_809_	114.12
129	pname_85	pdesc_506_506_5	618.1
130	pname_583	pdesc_710_710_710_7	296.57
131	pname_772_	pdesc_124_124_1	321.82
132	pname_376_	pdesc_797_797_797_79	1.63
133	pname_722_	pdesc_250_250_250_2	70.4
134	pname_8	pdesc_922_922_922	639.46
135	pname_4	pdesc_783_783_783_	558.31
136	pname_729	pdesc_391_391_39	1.82
137	pname_339	pdesc_35_35_35_35_	324.15
138	pname_11_	pdesc_273_273_273_27	600.22
139	pname_453_	pdesc_443_443_44	663.29
140	pname_564_	pdesc_801_801_801_	8.37
141	pname_231_	pdesc_806_806_8	53.37
142	pname_47	pdesc_165_165_165_16	475.97
143	pname_699_	pdesc_773_773_77	9.38
144	pname_640	pdesc_16_16_16_16_	315.16
145	pname_792_	pdesc_957_957_957_95	11.89
146	pname_668	pdesc_136_136_136	1.60
147	pname_795	pdesc_436_436_436	519.40
148	pname_5	pdesc_575_575_575_57	62.68
149	pname_558_	pdesc_710_710_710_7	39.29
150	pname_86	pdesc_100_100_100	1.8
151	pname_153	pdesc_514_514_514	5.16
152	pname_85	pdesc_100_100_100	1.81
153	pname_601_	pdesc_102_102_102	1.72
154	pname_180_	pdesc_596_596_5	73.40
155	pname_442	pdesc_436_436_436	6.78
156	pname_43	pdesc_616_616_6	10.43
157	pname_442	pdesc_953_953_953_95	64.70
158	pname_31	pdesc_114_114_114_1	833.86
159	pname_433_	pdesc_439_439_439_43	22.81
160	pname_87	pdesc_813_813_813_81	1.89
161	pname_1	pdesc_43_43_43_	614.92
162	pname_341	pdesc_626_626_626	6.22
163	pname_41	pdesc_508_508_5	1.86
164	pname_877_	pdesc_475_475_47	213.49
165	pname_395	pdesc_975_975_975_	24.65
166	pname_97_	pdesc_144_144_144_1	1.79
167	pname_8	pdesc_508_508_5	1.27
168	pname_53	pdesc_910_910_9	157.54
169	pname_69	pdesc_639_639_63	7.56
170	pname_12	pdesc_871_871_871_87	7.14
171	pname_957	pdesc_418_418_418_4	15.97
172	pname_729	pdesc_113_113_11	31.76
173	pname_7	pdesc_63_63_63_63_6	31.93
174	pname_78	pdesc_296_296_2	17.61
175	pname_3	pdesc_380_380_380	212.55
176	pname_9	pdesc_768_768_768	17.29
177	pname_9	pdesc_157_157_157_	20.16
178	pname_173	pdesc_911_911_911_	63.48
179	pname_366_	pdesc_585_585_58	1.97
180	pname_779	pdesc_145_145_14	3.73
181	pname_3	pdesc_586_586_586_5	43.10
182	pname_96	pdesc_392_392_392_3	17.49
183	pname_5	pdesc_473_473_47	109.23
184	pname_329	pdesc_652_652_652	1.48
185	pname_48	pdesc_13_13_13_13_	1.29
186	pname_153	pdesc_495_495_495_49	610.37
187	pname_51_	pdesc_591_591_591_	205.3
188	pname_583	pdesc_760_760_760	136.14
189	pname_557	pdesc_635_635_63	5.98
190	pname_799	pdesc_403_403_403_40	26.5
191	pname_385	pdesc_149_149_14	1.70
192	pname_843_	pdesc_30_30_30_3	3.32
193	pname_4	pdesc_575_575_575_57	301.49
194	pname_1	pdesc_167_167_167_16	579.98
195	pname_655_	pdesc_542_542_542	1.46
196	pname_78	pdesc_514_514_514	8.29
197	pname_81	pdesc_524_524_524_5	544.98
198	pname_10_	pdesc_829_829_82	5.18
199	pname_685_	pdesc_239_239_239_	119.98
200	pname_530_	pdesc_229_229_22	1.23
201	pname_19_	pdesc_128_128_1	2.89
202	pname_190_	pdesc_266_266_2	273.82
203	pname_5	pdesc_700_700_700	2.64
204	pname_9	pdesc_874_874_874	764.12
205	pname_432	pdesc_571_571_571_57	55.63
206	pname_29	pdesc_846_846_846	22.56
207	pname_2	pdesc_374_374_3	543.15
208	pname_38	pdesc_360_360_360_3	152.32
209	pname_904_	pdesc_345_345_345_	1.84
210	pname_67	pdesc_2_2_2_2_2_2_2	8.47
211	pname_319	pdesc_29_29_29_29	116.91
212	pname_46	pdesc_42_42_42_42	290.88
213	pname_6	pdesc_689_689_689_68	1.21
214	pname_570_	pdesc_639_639_63	1.52
215	pname_1	pdesc_113_113_11	97.65
216	pname_157	pdesc_962_962_962_9	784.34
217	pname_58	pdesc_557_557_55	148.9
218	pname_807_	pdesc_92_92_92_92_	316.54
219	pname_4	pdesc_344_344_3	1.87
220	pname_8	pdesc_773_773_77	1.21
221	pname_24	pdesc_292_292_2	1.68
222	pname_997	pdesc_686_686_686	1.71
223	pname_9	pdesc_556_556_556_5	1.51
224	pname_54_	pdesc_176_176_176_1	143.81
225	pname_305	pdesc_503_503_503_	4.28
226	pname_482	pdesc_722_722_7	89.20
227	pname_97	pdesc_348_348_3	5.42
228	pname_386_	pdesc_772_772_772_7	1.74
229	pname_28	pdesc_642_642_6	806.96
230	pname_5	pdesc_493_493_493_49	167.90
231	pname_55	pdesc_498_498_498	275.52
232	pname_177	pdesc_432_432_432	857.98
233	pname_816	pdesc_944_944_9	53.69
234	pname_5	pdesc_73_73_73_73_	135.38
235	pname_43	pdesc_562_562_5	165.45
236	pname_82	pdesc_524_524_524_5	161.78
237	pname_127	pdesc_771_771_77	52.96
238	pname_346_	pdesc_323_323_323_32	4.85
239	pname_842	pdesc_378_378_3	1.47
240	pname_91	pdesc_774_774_774_7	745.59
241	pname_249_	pdesc_54_54_54_54_	62.74
242	pname_85	pdesc_369_369_36	12.63
243	pname_937	pdesc_979_979_979_	35.92
244	pname_90_	pdesc_288_288_288_2	2.42
245	pname_37	pdesc_857_857_85	10.79
246	pname_4	pdesc_183_183_183_	120.55
247	pname_50_	pdesc_411_411_41	1.97
248	pname_27	pdesc_95_95_95_95_	23.86
249	pname_316_	pdesc_37_37_37_37_37	3.95
250	pname_68_6	pdesc_445_445_44	104.18
251	pname_1	pdesc_917_917_917_	1.76
252	pname_81	pdesc_138_138_138	1.31
253	pname_18	pdesc_619_619_619_	49.92
254	pname_399	pdesc_837_837_837_	170.59
255	pname_973	pdesc_551_551_55	81.93
256	pname_399	pdesc_528_528_528_5	20.1
257	pname_84	pdesc_539_539_539_	4.75
258	pname_53_	pdesc_961_961_96	2.90
259	pname_91	pdesc_864_864_8	33.1
260	pname_842	pdesc_365_365_36	2.46
261	pname_769	pdesc_631_631_63	367.66
262	pname_8	pdesc_289_289_28	603.98
263	pname_681_	pdesc_394_394_394_3	49.84
264	pname_221_	pdesc_27_27_27_	336.18
265	pname_2	pdesc_201_201_201_	25.11
266	pname_193	pdesc_514_514_514	156.44
267	pname_379	pdesc_199_199_199_19	1.84
268	pname_52_	pdesc_414_414_414_4	1.56
269	pname_678	pdesc_206_206_2	162.48
270	pname_5	pdesc_337_337_33	141.83
271	pname_886	pdesc_240_240_240	597.97
272	pname_543	pdesc_844_844_844	15.10
273	pname_70	pdesc_425_425_425_	386.37
274	pname_5	pdesc_834_834_8	2.36
275	pname_528_	pdesc_31_31_31_31_31	331.40
276	pname_649_	pdesc_619_619_619_	65.52
277	pname_7	pdesc_390_390_390_3	72.26
278	pname_473_	pdesc_328_328_328	265.99
279	pname_413_	pdesc_303_303_30	1.3
280	pname_306_	pdesc_390_390_390_3	534.19
281	pname_64_6	pdesc_769_769_769_76	141.49
282	pname_11	pdesc_695_695_69	665.40
283	pname_920_	pdesc_551_551_55	12.49
284	pname_776_	pdesc_339_339_33	822.46
285	pname_543	pdesc_209_209_209_	623.78
286	pname_335	pdesc_670_670_6	1.44
287	pname_722_	pdesc_3_3_3_3_3_3_3_	527.5
288	pname_183	pdesc_318_318_3	2.38
289	pname_648	pdesc_309_309_30	518.75
290	pname_274	pdesc_181_181_181_	227.88
291	pname_3	pdesc_970_970_9	5.83
292	pname_49	pdesc_245_245_245_24	464.2
293	pname_528_	pdesc_922_922_922	1.23
294	pname_500_	pdesc_761_761_761_76	234.65
295	pname_325	pdesc_30_30_30_3	115.11
296	pname_75	pdesc_770_770_770_7	4.55
297	pname_9	pdesc_794_794_794	282.21
298	pname_36	pdesc_874_874_874	33.49
299	pname_930_	pdesc_501_501_501_	101.50
300	pname_40	pdesc_772_772_772_7	70.29
301	pname_944_	pdesc_906_906_906_9	1.29
302	pname_467_	pdesc_903_903_90	439.22
303	pname_702_	pdesc_133_133_133_13	4.40
304	pname_85	pdesc_809_809_809_	8.8
305	pname_36	pdesc_803_803_803_	1.91
306	pname_5	pdesc_556_556_556_5	8.35
307	pname_14	pdesc_850_850_850_8	682.33
308	pname_89	pdesc_376_376_3	77.76
309	pname_567	pdesc_975_975_975_	93.26
310	pname_137	pdesc_859_859_85	496.11
311	pname_98	pdesc_353_353_353_35	322.90
312	pname_5	pdesc_344_344_3	15.39
313	pname_403_	pdesc_456_456_4	115.83
314	pname_887_	pdesc_996_996_996_9	54.94
315	pname_46	pdesc_406_406_406	1.29
316	pname_274	pdesc_971_971_971_	5.42
317	pname_18	pdesc_925_925_925_92	7.42
318	pname_99_	pdesc_66_66_66_66_6	445.5
319	pname_557	pdesc_698_698_698_6	1.99
320	pname_570_	pdesc_926_926_926	25.3
321	pname_923	pdesc_174_174_174_1	284.40
322	pname_2	pdesc_421_421_421_	1.98
323	pname_290	pdesc_886_886_886_8	14.46
324	pname_967	pdesc_895_895_895_	32.39
325	pname_504_	pdesc_830_830_8	133.54
326	pname_59_	pdesc_597_597_597_	43.9
327	pname_983	pdesc_882_882_882_8	9.71
328	pname_3	pdesc_601_601_60	3.18
329	pname_958_	pdesc_56_56_56_56_56	824.95
330	pname_32	pdesc_965_965_96	26.66
331	pname_40	pdesc_324_324_324	177.73
332	pname_53_	pdesc_581_581_58	85.15
333	pname_8	pdesc_768_768_768	569.58
334	pname_9	pdesc_179_179_17	147.54
335	pname_8	pdesc_926_926_926	2.77
336	pname_167	pdesc_550_550_550_5	5.51
337	pname_7	pdesc_910_910_9	19.50
338	pname_4	pdesc_585_585_58	32.48
339	pname_58_	pdesc_656_656_656	13.46
340	pname_41	pdesc_333_333_33	448.59
341	pname_530_	pdesc_965_965_96	215.70
342	pname_66	pdesc_606_606_606_6	30.59
343	pname_5	pdesc_541_541_541_54	4.37
344	pname_9	pdesc_357_357_357_35	14.6
345	pname_11	pdesc_710_710_710_7	2.88
346	pname_4	pdesc_912_912_9	1.18
347	pname_53	pdesc_266_266_2	1.15
348	pname_255_	pdesc_313_313_313_	65.85
349	pname_3	pdesc_796_796_796	113.86
350	pname_1	pdesc_907_907_90	81.77
351	pname_7	pdesc_97_97_97_97_97	18.73
352	pname_90_	pdesc_633_633_63	26.31
353	pname_568_	pdesc_362_362_362_3	585.79
354	pname_402	pdesc_913_913_913_	624.28
355	pname_9	pdesc_579_579_579_57	209.98
356	pname_795	pdesc_747_747_74	530.3
357	pname_403_	pdesc_446_446_446_4	1.81
358	pname_73	pdesc_194_194_194	6.82
359	pname_346_	pdesc_890_890_8	70.32
360	pname_312_	pdesc_935_935_93	694.38
361	pname_63	pdesc_507_507_507_	1.13
362	pname_17	pdesc_790_790_790	5.75
363	pname_31	pdesc_449_449_44	422.91
364	pname_826	pdesc_272_272_272	45.80
365	pname_45	pdesc_684_684_684	6.5
366	pname_4	pdesc_3_3_3_3_3_3_3_	12.33
367	pname_75	pdesc_989_989_989_98	577.10
368	pname_47	pdesc_389_389_389_38	272.80
369	pname_964_	pdesc_676_676_6	7.32
370	pname_83	pdesc_919_919_919_	193.89
371	pname_433_	pdesc_746_746_746_7	10.22
372	pname_928_	pdesc_555_555_55	4.71
373	pname_5	pdesc_960_960_960_9	1.12
374	pname_6	pdesc_390_390_390_3	1.19
375	pname_36	pdesc_641_641_641_	193.23
376	pname_467_	pdesc_11_11_11_1	32.91
377	pname_319	pdesc_383_383_383_38	1.22
378	pname_4	pdesc_832_832_8	10.20
379	pname_7	pdesc_395_395_39	4.50
380	pname_75	pdesc_123_123_123_	2.42
381	pname_97	pdesc_35_35_35_35_	969.59
382	pname_422	pdesc_43_43_43_	119.5
383	pname_2	pdesc_71_71_71_7	1.97
384	pname_130_	pdesc_383_383_383_38	976.52
385	pname_472	pdesc_243_243_243_24	811.95
386	pname_604	pdesc_302_302_302_3	652.86
387	pname_265_	pdesc_45_45_45_45	136.15
388	pname_40	pdesc_113_113_11	32.74
389	pname_188_	pdesc_985_985_985_98	231.43
390	pname_87	pdesc_654_654_654	556.53
391	pname_30	pdesc_984_984_984	686.55
392	pname_3	pdesc_1000_1000_	834.91
393	pname_756_	pdesc_918_918_9	230.47
394	pname_699_	pdesc_132_132_132	33.50
395	pname_41	pdesc_638_638_638_6	259.97
396	pname_550_	pdesc_395_395_39	164.42
397	pname_47	pdesc_802_802_8	1.40
398	pname_8	pdesc_325_325_325_32	271.2
399	pname_59_	pdesc_393_393_39	280.89
400	pname_97	pdesc_314_314_3	5.92
401	pname_225_	pdesc_871_871_871_87	1.33
402	pname_731	pdesc_903_903_90	3.29
403	pname_254	pdesc_222_222_222_2	208.66
404	pname_4	pdesc_154_154_1	1.11
405	pname_1	pdesc_463_463_463_46	3.61
406	pname_143	pdesc_77_77_77_7	1.10
407	pname_49	pdesc_338_338_338_3	325.55
408	pname_5	pdesc_443_443_44	33.80
409	pname_13	pdesc_516_516_516	151.66
410	pname_104_	pdesc_719_719_71	750.33
411	pname_6	pdesc_13_13_13_13_	35.98
412	pname_290	pdesc_813_813_813_81	58.31
413	pname_74	pdesc_330_330_330_3	1.16
414	pname_61	pdesc_588_588_588_5	881.64
415	pname_7	pdesc_710_710_710_7	1.64
416	pname_4	pdesc_984_984_984	995.22
417	pname_76	pdesc_984_984_984	48.23
418	pname_84	pdesc_555_555_55	36.74
419	pname_2	pdesc_795_795_795_79	191.48
420	pname_456	pdesc_968_968_968_9	218.71
421	pname_402	pdesc_120_120_1	48.21
422	pname_994_	pdesc_361_361_36	8.61
423	pname_158_	pdesc_119_119_11	1.40
424	pname_43	pdesc_610_610_6	1.36
425	pname_567	pdesc_947_947_947_	27.16
426	pname_527	pdesc_798_798_798	30.32
427	pname_82	pdesc_841_841_841_84	158.85
428	pname_6	pdesc_825_825_82	2.51
429	pname_977	pdesc_913_913_913_	51.22
430	pname_84	pdesc_730_730_730	60.2
431	pname_97	pdesc_270_270_270	35.62
432	pname_381	pdesc_675_675_675_	2.55
433	pname_351	pdesc_676_676_6	126.58
434	pname_42	pdesc_942_942_9	1.56
435	pname_8	pdesc_934_934_934_9	480.71
436	pname_990_	pdesc_761_761_761_76	47.91
437	pname_7	pdesc_53_53_53_53_53	266.33
438	pname_8	pdesc_485_485_485_	1.5
439	pname_10	pdesc_779_779_77	1.21
440	pname_560_	pdesc_709_709_709_70	551.44
441	pname_483_	pdesc_148_148_148_1	33.93
442	pname_99	pdesc_595_595_595_	219.18
443	pname_957	pdesc_372_372_3	17.78
444	pname_315	pdesc_387_387_387_38	144.73
445	pname_466	pdesc_47_47_47_47_4	2.73
446	pname_4	pdesc_797_797_797_79	29.96
447	pname_5	pdesc_805_805_805_	186.19
448	pname_1	pdesc_831_831_831_	932.50
449	pname_4	pdesc_343_343_343_	17.23
450	pname_21_2	pdesc_721_721_721_	1.74
451	pname_42	pdesc_644_644_6	4.12
452	pname_675_	pdesc_89_89_89_89	197.94
453	pname_1	pdesc_366_366_366_3	4.92
454	pname_299_	pdesc_326_326_326	896.2
455	pname_36	pdesc_337_337_33	913.5
456	pname_27	pdesc_180_180_1	60.4
457	pname_94	pdesc_678_678_6	139.11
458	pname_396_	pdesc_603_603_60	3.83
459	pname_3	pdesc_29_29_29_29	59.29
460	pname_37	pdesc_647_647_647_	332.68
461	pname_651_	pdesc_917_917_917_	1.8
462	pname_94_	pdesc_864_864_8	122.62
463	pname_560_	pdesc_721_721_721_	24.18
464	pname_487_	pdesc_202_202_2	1.14
465	pname_5	pdesc_102_102_102	11.12
466	pname_620	pdesc_77_77_77_7	733.99
467	pname_537	pdesc_92_92_92_92_	1.92
468	pname_24	pdesc_624_624_624	20.23
469	pname_68	pdesc_697_697_69	583.34
470	pname_1	pdesc_374_374_3	71.82
471	pname_862	pdesc_737_737_737_73	1.55
472	pname_9	pdesc_299_299_299_	1.7
473	pname_6	pdesc_358_358_358	3.18
474	pname_3	pdesc_599_599_599_	414.33
475	pname_93_	pdesc_248_248_248	624.35
476	pname_968_	pdesc_821_821_82	838.88
477	pname_43	pdesc_391_391_39	1.88
478	pname_590_	pdesc_62_62_62_	72.81
479	pname_651_	pdesc_141_141_14	540.91
480	pname_362_	pdesc_771_771_77	2.62
481	pname_1	pdesc_538_538_5	1.99
482	pname_8	pdesc_489_489_489_	2.73
483	pname_944_	pdesc_682_682_682	70.45
484	pname_71	pdesc_47_47_47_47_4	4.3
485	pname_950_	pdesc_324_324_324	310.45
486	pname_355	pdesc_354_354_354	164.37
487	pname_57	pdesc_848_848_848	1.74
488	pname_5	pdesc_571_571_571_57	31.46
489	pname_4	pdesc_180_180_1	897.4
490	pname_4	pdesc_144_144_144_1	1.96
491	pname_6	pdesc_274_274_274	905.5
492	pname_7	pdesc_955_955_955_95	938.13
493	pname_6	pdesc_796_796_796	23.65
494	pname_843_	pdesc_293_293_293_	71.71
495	pname_396_	pdesc_261_261_261_	42.62
496	pname_3	pdesc_458_458_4	14.7
497	pname_664	pdesc_73_73_73_73_	31.68
498	pname_5	pdesc_156_156_1	1.64
499	pname_3	pdesc_222_222_222_2	65.87
500	pname_594_	pdesc_734_734_734	1.15
501	pname_218	pdesc_870_870_870	40.55
502	pname_2	pdesc_254_254_254_2	270.15
503	pname_862	pdesc_182_182_1	603.87
504	pname_456	pdesc_515_515_515_51	378.81
505	pname_4	pdesc_678_678_6	87.92
506	pname_148_	pdesc_381_381_381_38	128.78
507	pname_63	pdesc_943_943_943_	1.84
508	pname_27	pdesc_932_932_932_9	36.98
509	pname_103	pdesc_797_797_797_79	1.2
510	pname_68	pdesc_799_799_799_79	253.2
511	pname_231_	pdesc_896_896_8	170.75
512	pname_85	pdesc_129_129_129_	18.75
513	pname_796_	pdesc_238_238_2	11.68
514	pname_329	pdesc_102_102_102	79.11
515	pname_83	pdesc_865_865_865_	140.19
516	pname_4	pdesc_424_424_4	1.70
517	pname_1	pdesc_49_49_49_	1.24
518	pname_9	pdesc_706_706_706	803.50
519	pname_75	pdesc_890_890_8	191.60
520	pname_265_	pdesc_250_250_250_2	7.94
521	pname_127	pdesc_677_677_677_	776.66
522	pname_97	pdesc_438_438_438	310.69
523	pname_3	pdesc_245_245_245_24	893.22
524	pname_31	pdesc_210_210_210	15.39
525	pname_544_	pdesc_273_273_273_27	18.68
526	pname_25	pdesc_521_521_52	1.30
527	pname_180_	pdesc_464_464_464	8.75
528	pname_4	pdesc_435_435_435_43	25.92
529	pname_3	pdesc_965_965_96	151.11
530	pname_927	pdesc_233_233_233_	118.11
531	pname_538_	pdesc_851_851_85	295.19
532	pname_209_	pdesc_135_135_135_13	194.34
533	pname_8	pdesc_537_537_537_	155.3
534	pname_208	pdesc_56_56_56_56_56	86.87
535	pname_31	pdesc_732_732_732	264.58
536	pname_35	pdesc_870_870_870	1.66
537	pname_823_	pdesc_271_271_271_27	198.24
538	pname_994_	pdesc_43_43_43_	481.48
539	pname_315	pdesc_412_412_412_4	286.54
540	pname_19	pdesc_473_473_47	57.17
541	pname_53	pdesc_938_938_938_9	505.52
542	pname_752_	pdesc_792_792_792	122.94
543	pname_918_	pdesc_280_280_280_2	241.67
544	pname_107	pdesc_521_521_52	648.98
545	pname_279_	pdesc_256_256_256_2	132.80
546	pname_735	pdesc_880_880_880_8	1.17
547	pname_83	pdesc_153_153_153_	75.88
548	pname_110_	pdesc_646_646_6	1.59
549	pname_886	pdesc_360_360_360_3	1.58
550	pname_86	pdesc_521_521_52	1.58
551	pname_66	pdesc_961_961_96	6.88
552	pname_285_	pdesc_477_477_47	642.89
553	pname_54	pdesc_6_6_6_6_6_6	8.88
554	pname_197	pdesc_623_623_623_62	688.52
555	pname_44	pdesc_216_216_216	1.41
556	pname_473_	pdesc_302_302_302_3	1.14
557	pname_543	pdesc_388_388_388	109.58
558	pname_5	pdesc_574_574_574	487.71
559	pname_29	pdesc_278_278_278	3.43
560	pname_3	pdesc_579_579_579_57	170.21
561	pname_8	pdesc_909_909_90	429.42
562	pname_842	pdesc_849_849_849_84	44.85
563	pname_7	pdesc_9_9_9_9_9_9_9_	2.21
564	pname_920_	pdesc_744_744_744_7	1.97
565	pname_56_	pdesc_979_979_979_	455.72
566	pname_62	pdesc_776_776_776_7	1.94
567	pname_862	pdesc_669_669_66	721.82
568	pname_10	pdesc_785_785_785_	28.11
569	pname_83	pdesc_917_917_917_	129.92
570	pname_375	pdesc_580_580_580_5	1.84
571	pname_99	pdesc_473_473_47	120.73
572	pname_4	pdesc_681_681_681_68	298.4
573	pname_472	pdesc_898_898_8	8.93
574	pname_554_	pdesc_350_350_350	1.28
575	pname_466	pdesc_54_54_54_54_	15.94
576	pname_7	pdesc_425_425_425_	268.90
577	pname_463_	pdesc_853_853_85	1.18
578	pname_117	pdesc_475_475_47	1.49
579	pname_12	pdesc_997_997_99	40.35
580	pname_847_	pdesc_496_496_496	6.3
581	pname_86	pdesc_778_778_778_7	163.98
582	pname_9	pdesc_603_603_60	1.96
583	pname_675_	pdesc_181_181_181_	108.6
584	pname_173	pdesc_247_247_247_24	541.42
585	pname_1	pdesc_152_152_1	535.71
586	pname_7	pdesc_153_153_153_	918.27
587	pname_462	pdesc_111_111_11	56.61
588	pname_79	pdesc_186_186_1	1.28
589	pname_20_2	pdesc_704_704_704	5.44
590	pname_9	pdesc_852_852_852_8	918.81
591	pname_36	pdesc_550_550_550_5	1.43
592	pname_298	pdesc_886_886_886_8	1.84
593	pname_302_	pdesc_703_703_703_70	738.35
594	pname_600	pdesc_391_391_39	195.61
595	pname_4	pdesc_401_401_401_40	9.60
596	pname_957	pdesc_946_946_9	6.65
597	pname_9	pdesc_279_279_279_27	956.79
598	pname_914_	pdesc_871_871_871_87	231.5
599	pname_493_	pdesc_870_870_870	3.88
600	pname_234	pdesc_250_250_250_2	4.33
601	pname_13_	pdesc_332_332_332_3	917.16
602	pname_14_	pdesc_57_57_57_57_	139.44
603	pname_284	pdesc_764_764_764	1.80
604	pname_251_	pdesc_237_237_237_	105.90
605	pname_680	pdesc_96_96_96_9	58.64
606	pname_6	pdesc_943_943_943_	1.2
607	pname_782_	pdesc_66_66_66_66_6	26.19
608	pname_759	pdesc_315_315_315_	843.24
609	pname_86	pdesc_665_665_66	59.60
610	pname_278	pdesc_23_23_23_23	203.56
611	pname_7	pdesc_622_622_622	134.1
612	pname_88	pdesc_915_915_915_	1.89
613	pname_752_	pdesc_979_979_979_	400.96
614	pname_587	pdesc_401_401_401_40	255.62
615	pname_71	pdesc_279_279_279_27	379.87
616	pname_649_	pdesc_976_976_9	813.94
617	pname_75	pdesc_469_469_469_46	768.58
618	pname_214	pdesc_204_204_2	6.34
619	pname_355	pdesc_758_758_7	52.39
620	pname_33	pdesc_933_933_93	1.44
621	pname_4	pdesc_948_948_9	1.74
622	pname_574_	pdesc_770_770_770_7	700.94
623	pname_35	pdesc_451_451_451_	1.25
624	pname_81	pdesc_6_6_6_6_6_6	910.29
625	pname_7	pdesc_139_139_139_13	4.20
626	pname_6	pdesc_753_753_753_	3.20
627	pname_496	pdesc_217_217_217_21	67.35
628	pname_193	pdesc_576_576_576	1.75
629	pname_28	pdesc_593_593_593_	262.67
630	pname_648	pdesc_563_563_563_	736.72
631	pname_684	pdesc_165_165_165_16	82.26
632	pname_6	pdesc_761_761_761_76	1.1
633	pname_60	pdesc_680_680_680	3.74
634	pname_67	pdesc_789_789_789_	1.31
635	pname_4	pdesc_529_529_52	57.16
636	pname_403_	pdesc_213_213_213_21	46.67
637	pname_1	pdesc_542_542_542	4.53
638	pname_1	pdesc_886_886_886_8	1.13
639	pname_68	pdesc_450_450_4	10.53
640	pname_799	pdesc_447_447_44	88.44
641	pname_442	pdesc_782_782_7	325.24
642	pname_24_2	pdesc_461_461_461_46	16.17
643	pname_49	pdesc_298_298_2	1.38
644	pname_36	pdesc_560_560_5	539.15
645	pname_78	pdesc_987_987_987_98	38.63
646	pname_772_	pdesc_976_976_9	1.27
647	pname_46	pdesc_476_476_476_4	28.85
648	pname_84	pdesc_77_77_77_7	686.60
649	pname_70	pdesc_989_989_989_98	19.37
650	pname_30	pdesc_956_956_956	675.56
651	pname_59	pdesc_781_781_781_	367.93
652	pname_9	pdesc_414_414_414_4	18.17
653	pname_7	pdesc_150_150_1	153.35
654	pname_124_	pdesc_436_436_436	1.18
655	pname_886	pdesc_346_346_3	61.17
656	pname_8	pdesc_514_514_514	12.29
657	pname_170_	pdesc_128_128_1	361.36
658	pname_739	pdesc_402_402_402	65.70
659	pname_660	pdesc_697_697_69	285.40
660	pname_89	pdesc_900_900_900_9	288.76
661	pname_604	pdesc_803_803_803_	340.79
662	pname_866	pdesc_266_266_2	923.98
663	pname_230	pdesc_380_380_380	153.31
664	pname_8	pdesc_237_237_237_	1.30
665	pname_47	pdesc_533_533_533_	323.79
666	pname_54_	pdesc_543_543_543_54	118.67
667	pname_134_	pdesc_93_93_93_9	322.32
668	pname_150_	pdesc_122_122_1	1.75
669	pname_51	pdesc_443_443_44	77.45
670	pname_910_	pdesc_64_64_64_64	32.1
671	pname_904_	pdesc_175_175_17	113.5
672	pname_436	pdesc_873_873_873_87	487.18
673	pname_71	pdesc_362_362_362_3	495.19
674	pname_31	pdesc_587_587_58	55.24
675	pname_5	pdesc_344_344_3	94.44
676	pname_72	pdesc_757_757_757_	94.25
677	pname_422	pdesc_642_642_6	2.90
678	pname_25_2	pdesc_656_656_656	1.7
679	pname_482	pdesc_669_669_66	6.57
680	pname_503	pdesc_835_835_835_	113.38
681	pname_153	pdesc_544_544_544	430.50
682	pname_3	pdesc_194_194_194	100.43
683	pname_3	pdesc_37_37_37_37_37	6.29
684	pname_38	pdesc_503_503_503_	429.2
685	pname_4	pdesc_848_848_848	67.23
686	pname_8	pdesc_334_334_334_3	46.11
687	pname_6	pdesc_181_181_181_	271.61
688	pname_22	pdesc_17_17_17_1	23.44
689	pname_79	pdesc_878_878_878	996.85
690	pname_8	pdesc_82_82_82_82_8	57.1
691	pname_973	pdesc_287_287_28	293.35
692	pname_8	pdesc_807_807_807_	27.84
693	pname_5	pdesc_835_835_835_	12.12
694	pname_58	pdesc_552_552_552_5	235.71
695	pname_38	pdesc_974_974_9	1.19
696	pname_10	pdesc_98_98_98_98_	1.13
697	pname_402	pdesc_622_622_622	599.56
698	pname_8	pdesc_976_976_9	441.29
699	pname_4	pdesc_47_47_47_47_4	599.57
700	pname_8	pdesc_589_589_58	298.93
701	pname_94	pdesc_714_714_714_7	967.69
702	pname_1	pdesc_576_576_576	99.51
703	pname_45	pdesc_493_493_493_49	916.10
704	pname_2	pdesc_756_756_7	2.54
705	pname_12	pdesc_996_996_996_9	279.11
706	pname_4	pdesc_268_268_2	15.48
707	pname_796_	pdesc_346_346_3	508.49
708	pname_1	pdesc_235_235_235_	62.83
709	pname_866	pdesc_749_749_74	51.42
710	pname_4	pdesc_539_539_539_	11.13
711	pname_392_	pdesc_129_129_129_	928.91
712	pname_53	pdesc_947_947_947_	1.37
713	pname_294	pdesc_225_225_22	141.96
714	pname_690	pdesc_694_694_694_6	721.95
715	pname_4	pdesc_347_347_347_	840.87
716	pname_77	pdesc_214_214_214	1.79
717	pname_739	pdesc_576_576_576	174.57
718	pname_1	pdesc_4_4_4_4_4	249.70
719	pname_796_	pdesc_421_421_421_	83.34
720	pname_120_	pdesc_532_532_5	39.7
721	pname_4	pdesc_778_778_778_7	413.89
722	pname_407_	pdesc_816_816_816	714.64
723	pname_78	pdesc_788_788_7	6.80
724	pname_160_	pdesc_595_595_595_	122.50
725	pname_329	pdesc_962_962_962_9	1.98
726	pname_52	pdesc_784_784_7	186.74
727	pname_75	pdesc_470_470_470_4	152.32
728	pname_8	pdesc_812_812_812	1.20
729	pname_7	pdesc_57_57_57_57_	2.20
730	pname_1	pdesc_592_592_5	548.61
731	pname_611_	pdesc_983_983_983_98	176.20
732	pname_4	pdesc_509_509_509_	124.31
733	pname_977	pdesc_64_64_64_64	33.20
734	pname_6	pdesc_527_527_52	51.27
735	pname_467_	pdesc_273_273_273_27	1.83
736	pname_6	pdesc_921_921_921_92	166.93
737	pname_14_	pdesc_779_779_77	594.31
738	pname_746_	pdesc_110_110_110_1	1.42
739	pname_497_	pdesc_968_968_968_9	601.88
740	pname_1	pdesc_215_215_215_21	3.34
741	pname_772_	pdesc_564_564_5	68.67
742	pname_9	pdesc_764_764_764	201.6
743	pname_4	pdesc_639_639_63	1.94
744	pname_178_	pdesc_598_598_5	184.61
745	pname_74	pdesc_531_531_531_	327.61
746	pname_385	pdesc_163_163_163_16	4.64
747	pname_867_	pdesc_242_242_242	128.1
748	pname_705	pdesc_260_260_2	43.96
749	pname_2	pdesc_785_785_785_	130.33
750	pname_298	pdesc_865_865_865_	66.5
751	pname_269_	pdesc_655_655_655_65	1.57
752	pname_8	pdesc_566_566_5	1.87
753	pname_463_	pdesc_127_127_127_	1.85
754	pname_9	pdesc_861_861_861_	87.40
755	pname_88	pdesc_42_42_42_42	860.67
756	pname_886	pdesc_759_759_759_	41.50
757	pname_9	pdesc_104_104_104	59.6
758	pname_60	pdesc_381_381_381_38	1.90
759	pname_391	pdesc_500_500_5	1.22
760	pname_20_2	pdesc_992_992_992_9	435.69
761	pname_4	pdesc_86_86_86_86	1.73
762	pname_7	pdesc_922_922_922	1.69
763	pname_462	pdesc_895_895_895_	496.53
764	pname_3	pdesc_767_767_767_76	1.34
765	pname_14_	pdesc_439_439_439_43	52.52
766	pname_3	pdesc_150_150_1	123.54
767	pname_278	pdesc_692_692_692_6	558.13
768	pname_570_	pdesc_847_847_847_84	72.6
769	pname_755	pdesc_575_575_575_57	1.91
770	pname_396_	pdesc_231_231_231_	181.1
771	pname_75	pdesc_526_526_526_5	1.81
772	pname_53	pdesc_684_684_684	15.39
773	pname_23	pdesc_371_371_371_	34.18
774	pname_19	pdesc_849_849_849_84	1.12
775	pname_284	pdesc_128_128_1	4.75
776	pname_779	pdesc_790_790_790	15.64
777	pname_154_	pdesc_345_345_345_	180.40
778	pname_335	pdesc_122_122_1	542.83
779	pname_486	pdesc_160_160_160	257.63
780	pname_3	pdesc_31_31_31_31_31	809.29
781	pname_228	pdesc_145_145_14	33.22
782	pname_882	pdesc_516_516_516	170.5
783	pname_289_	pdesc_276_276_276	462.27
784	pname_72	pdesc_93_93_93_9	807.64
785	pname_791	pdesc_730_730_730	25.27
786	pname_244	pdesc_295_295_295_	1.81
787	pname_27	pdesc_437_437_437_43	124.49
788	pname_7	pdesc_602_602_602_6	2.15
789	pname_16	pdesc_188_188_1	29.53
790	pname_97	pdesc_275_275_275_27	182.3
791	pname_46	pdesc_1000_1000_	28.40
792	pname_150_	pdesc_340_340_3	71.94
793	pname_94	pdesc_542_542_542	1.88
794	pname_9	pdesc_394_394_394_3	1.22
795	pname_977	pdesc_326_326_326	15.8
796	pname_4	pdesc_393_393_39	1.37
797	pname_903	pdesc_200_200_2	28.24
798	pname_45	pdesc_558_558_558_5	811.85
799	pname_322_	pdesc_993_993_99	16.79
800	pname_7	pdesc_526_526_526_5	1.7
801	pname_947	pdesc_940_940_9	1.36
802	pname_892	pdesc_474_474_474_4	626.4
803	pname_4	pdesc_225_225_22	67.94
804	pname_331	pdesc_605_605_60	3.55
805	pname_204	pdesc_596_596_5	212.21
806	pname_4	pdesc_55_55_55_5	1.14
807	pname_6	pdesc_372_372_3	1.11
808	pname_40	pdesc_569_569_569_	3.90
809	pname_4	pdesc_547_547_547_54	366.48
810	pname_34	pdesc_591_591_591_	889.32
811	pname_59	pdesc_398_398_398_3	412.63
812	pname_685_	pdesc_827_827_82	38.28
813	pname_668	pdesc_413_413_41	230.22
814	pname_816	pdesc_786_786_7	171.62
815	pname_987	pdesc_418_418_418_4	725.77
816	pname_507	pdesc_67_67_67_67	3.48
817	pname_76	pdesc_824_824_824_8	621.79
818	pname_312_	pdesc_115_115_11	288.25
819	pname_577	pdesc_161_161_161_16	514.66
820	pname_34	pdesc_876_876_876	620.49
821	pname_993	pdesc_782_782_7	1.95
822	pname_1	pdesc_709_709_709_70	847.55
823	pname_615_	pdesc_598_598_5	23.2
824	pname_974_	pdesc_36_36_36_3	110.41
825	pname_712_	pdesc_599_599_599_	1.51
826	pname_472	pdesc_153_153_153_	1.22
827	pname_644	pdesc_561_561_561_	403.82
828	pname_130_	pdesc_834_834_8	16.7
829	pname_5	pdesc_461_461_461_46	1.98
830	pname_837_	pdesc_382_382_382	1.64
831	pname_31	pdesc_805_805_805_	33.33
832	pname_173	pdesc_368_368_368_3	444.62
833	pname_386_	pdesc_168_168_168	280.76
834	pname_140_	pdesc_114_114_114_1	203.32
835	pname_4	pdesc_171_171_17	239.86
836	pname_10	pdesc_545_545_545_54	1.37
837	pname_9	pdesc_257_257_25	398.46
838	pname_46	pdesc_421_421_421_	172.33
839	pname_649_	pdesc_287_287_28	658.42
840	pname_3	pdesc_130_130_130	88.54
841	pname_352_	pdesc_806_806_8	1.86
842	pname_1	pdesc_820_820_820_8	19.76
843	pname_248	pdesc_360_360_360_3	129.31
844	pname_597	pdesc_149_149_14	45.8
845	pname_795	pdesc_103_103_103_10	999.64
846	pname_365	pdesc_603_603_60	7.40
847	pname_3	pdesc_789_789_789_	369.90
848	pname_24_2	pdesc_572_572_572	882.41
849	pname_2	pdesc_73_73_73_73_	281.62
850	pname_4	pdesc_399_399_39	23.47
851	pname_513	pdesc_968_968_968_9	1.85
852	pname_331	pdesc_757_757_757_	1.94
853	pname_49	pdesc_817_817_817_81	430.68
854	pname_64	pdesc_474_474_474_4	59.85
855	pname_8	pdesc_787_787_787_	333.93
856	pname_3	pdesc_272_272_272	234.35
857	pname_563	pdesc_781_781_781_	69.24
858	pname_630	pdesc_316_316_3	5.27
859	pname_332_	pdesc_910_910_9	647.80
860	pname_70	pdesc_349_349_349_	507.12
861	pname_635_	pdesc_288_288_288_2	311.52
862	pname_34	pdesc_372_372_3	1.15
863	pname_523	pdesc_431_431_431_43	1.35
864	pname_14_	pdesc_104_104_104	48.56
865	pname_133	pdesc_275_275_275_27	264.73
866	pname_762_	pdesc_950_950_950	112.91
867	pname_6	pdesc_105_105_105_10	53.96
868	pname_204	pdesc_354_354_354	119.23
869	pname_7	pdesc_984_984_984	889.84
870	pname_99	pdesc_81_81_81_	4.62
871	pname_504_	pdesc_696_696_696_6	160.20
872	pname_34	pdesc_975_975_975_	2.43
873	pname_590_	pdesc_618_618_6	434.12
874	pname_264	pdesc_702_702_702	116.18
875	pname_412	pdesc_256_256_256_2	371.28
876	pname_42	pdesc_906_906_906_9	600.26
877	pname_930_	pdesc_634_634_634_6	76.94
878	pname_530_	pdesc_199_199_199_19	19.70
879	pname_17_	pdesc_855_855_85	141.19
880	pname_678	pdesc_842_842_842	3.10
881	pname_4	pdesc_376_376_3	12.60
882	pname_78	pdesc_8_8_8_8_8_8_8	360.4
883	pname_615_	pdesc_706_706_706	240.88
884	pname_9	pdesc_801_801_801_	342.43
885	pname_5	pdesc_638_638_638_6	1.22
886	pname_178_	pdesc_727_727_727_	56.37
887	pname_712_	pdesc_334_334_334_3	1.81
888	pname_9	pdesc_976_976_9	264.13
889	pname_486	pdesc_376_376_3	322.32
890	pname_92	pdesc_955_955_955_95	3.79
891	pname_8	pdesc_636_636_636_6	401.29
892	pname_42	pdesc_663_663_66	2.23
893	pname_13	pdesc_398_398_398_3	575.28
894	pname_675_	pdesc_375_375_375_	4.38
895	pname_77	pdesc_661_661_66	1.61
896	pname_57	pdesc_758_758_7	394.44
897	pname_42	pdesc_676_676_6	6.7
898	pname_751	pdesc_38_38_38_38_	3.97
899	pname_71	pdesc_697_697_69	141.57
900	pname_94	pdesc_523_523_52	8.88
901	pname_1	pdesc_886_886_886_8	19.56
902	pname_4	pdesc_54_54_54_54_	428.77
903	pname_5	pdesc_687_687_687_68	363.64
904	pname_741	pdesc_719_719_71	31.88
905	pname_128_	pdesc_376_376_3	81.94
906	pname_9	pdesc_205_205_205_	476.47
907	pname_231_	pdesc_875_875_875_87	414.96
908	pname_759	pdesc_330_330_330_3	3.52
909	pname_6	pdesc_282_282_282_2	1.43
910	pname_371	pdesc_658_658_658	2.61
911	pname_34	pdesc_745_745_74	79.6
912	pname_3	pdesc_448_448_448_4	9.25
913	pname_9	pdesc_452_452_4	34.70
914	pname_508_	pdesc_118_118_118_1	203.2
915	pname_163	pdesc_615_615_615_	154.38
916	pname_1	pdesc_532_532_5	10.74
917	pname_639_	pdesc_326_326_326	1.39
918	pname_950_	pdesc_658_658_658	256.63
919	pname_847_	pdesc_291_291_291_	88.6
920	pname_94_	pdesc_105_105_105_10	123.62
921	pname_80	pdesc_596_596_5	17.91
922	pname_6	pdesc_564_564_5	92.9
923	pname_4	pdesc_805_805_805_	1.9
924	pname_631_	pdesc_873_873_873_87	1.80
925	pname_9	pdesc_375_375_375_	581.81
926	pname_69	pdesc_190_190_190	17.95
927	pname_496	pdesc_257_257_25	55.73
928	pname_48	pdesc_449_449_44	6.68
929	pname_9	pdesc_965_965_96	5.38
930	pname_574_	pdesc_152_152_1	12.91
931	pname_48	pdesc_436_436_436	1.42
932	pname_4	pdesc_478_478_478_4	1.52
933	pname_331	pdesc_791_791_791_79	383.89
934	pname_578_	pdesc_267_267_267_	11.64
935	pname_288	pdesc_997_997_99	1.74
936	pname_497_	pdesc_43_43_43_	294.42
937	pname_668	pdesc_572_572_572	18.60
938	pname_65	pdesc_405_405_405_40	120.73
939	pname_755	pdesc_53_53_53_53_53	495.22
940	pname_27_2	pdesc_965_965_96	2.39
941	pname_3	pdesc_574_574_574	421.70
942	pname_26	pdesc_311_311_311_	72.65
943	pname_49	pdesc_404_404_404	6.19
944	pname_35	pdesc_941_941_941_	2.89
945	pname_249_	pdesc_998_998_998_9	234.99
946	pname_443_	pdesc_354_354_354	5.15
947	pname_103	pdesc_21_21_21_	818.87
948	pname_402	pdesc_827_827_82	1.10
949	pname_309	pdesc_833_833_833_	7.8
950	pname_8	pdesc_717_717_71	3.41
951	pname_1	pdesc_55_55_55_5	470.60
952	pname_6	pdesc_822_822_822_8	149.46
953	pname_94_	pdesc_23_23_23_23	27.18
954	pname_98	pdesc_931_931_93	745.68
955	pname_40	pdesc_568_568_5	1.82
956	pname_44	pdesc_819_819_819_81	2.98
957	pname_319	pdesc_177_177_17	999.7
958	pname_87	pdesc_190_190_190	223.21
959	pname_695_	pdesc_2_2_2_2_2_2_2	179.1
960	pname_937	pdesc_509_509_509_	480.17
961	pname_4	pdesc_684_684_684	44.13
962	pname_496	pdesc_181_181_181_	108.6
963	pname_61	pdesc_970_970_9	65.19
964	pname_305	pdesc_919_919_919_	1.14
965	pname_31	pdesc_228_228_228_2	1.4
966	pname_953	pdesc_45_45_45_45	207.34
967	pname_4	pdesc_772_772_772_7	53.69
968	pname_21_2	pdesc_494_494_494	502.6
969	pname_21	pdesc_833_833_833_	13.18
970	pname_3	pdesc_553_553_55	1.93
971	pname_45	pdesc_42_42_42_42	19.66
972	pname_568_	pdesc_74_74_74_7	162.56
973	pname_208	pdesc_470_470_470_4	38.71
974	pname_81	pdesc_323_323_323_32	30.27
975	pname_120_	pdesc_548_548_548	666.95
976	pname_56	pdesc_886_886_886_8	19.22
977	pname_279_	pdesc_322_322_322	331.82
978	pname_1	pdesc_678_678_6	14.58
979	pname_62	pdesc_944_944_9	365.62
980	pname_436	pdesc_482_482_4	94.16
981	pname_290	pdesc_369_369_36	249.71
982	pname_41	pdesc_437_437_437_43	14.48
983	pname_648	pdesc_974_974_9	59.90
984	pname_3	pdesc_74_74_74_7	1.97
985	pname_920_	pdesc_185_185_185_	25.62
986	pname_1	pdesc_511_511_511_51	562.13
987	pname_258	pdesc_666_666_666_6	590.59
988	pname_128_	pdesc_563_563_563_	916.34
989	pname_920_	pdesc_441_441_44	2.83
990	pname_4	pdesc_490_490_490	408.97
991	pname_6	pdesc_304_304_304_3	107.23
992	pname_610	pdesc_430_430_430	10.84
993	pname_35	pdesc_631_631_63	151.99
994	pname_538_	pdesc_685_685_685_68	532.18
995	pname_21	pdesc_158_158_1	540.30
996	pname_2	pdesc_553_553_55	153.90
997	pname_1	pdesc_20_20_20_20	1.42
998	pname_54	pdesc_446_446_446_4	25.9
999	pname_215_	pdesc_666_666_666_6	134.53
1000	pname_3	pdesc_353_353_353_35	11.14
\.

-- fill table orders (300)
\echo # filling table orders (300)
COPY orders (ordid,odate,ocust) FROM STDIN (ENCODING 'UTF-8');
1	2015-05-26	95
2	2015-10-13	95
3	2015-10-24	77
4	2016-01-25	56
5	2016-04-01	26
6	2016-01-23	41
7	2015-06-13	3
8	2015-11-05	33
9	2016-04-21	55
10	2016-07-01	33
11	2016-06-17	18
12	2016-05-23	21
13	2015-03-02	42
14	2015-11-23	24
15	2016-05-28	37
16	2016-08-30	88
17	2016-04-27	87
18	2015-06-20	76
19	2016-06-28	52
20	2015-10-01	56
21	2016-02-26	12
22	2016-03-15	66
23	2016-03-29	37
24	2015-11-30	91
25	2015-05-05	86
26	2015-10-17	45
27	2015-08-16	22
28	2016-08-03	79
29	2015-11-06	46
30	2015-06-14	20
31	2015-01-11	30
32	2015-07-18	74
33	2016-09-27	65
34	2015-09-02	62
35	2016-03-24	42
36	2016-08-14	18
37	2015-05-18	94
38	2016-03-25	22
39	2016-06-11	82
40	2016-02-13	76
41	2016-02-07	80
42	2016-02-19	58
43	2015-07-15	65
44	2015-10-03	45
45	2015-03-14	52
46	2016-01-26	18
47	2015-07-23	99
48	2016-01-18	79
49	2015-06-09	35
50	2015-05-25	5
51	2016-02-10	24
52	2015-05-29	24
53	2015-02-06	59
54	2016-09-10	80
55	2015-03-11	99
56	2015-05-19	73
57	2016-05-10	53
58	2015-09-19	50
59	2015-09-24	41
60	2015-12-29	8
61	2016-01-24	19
62	2016-01-12	88
63	2016-06-25	60
64	2016-09-09	87
65	2015-11-20	44
66	2016-04-11	50
67	2016-08-08	79
68	2015-02-06	73
69	2016-04-19	27
70	2015-07-23	15
71	2015-01-28	39
72	2015-11-02	66
73	2016-04-06	59
74	2015-06-24	82
75	2016-01-27	88
76	2016-05-08	91
77	2015-05-01	75
78	2016-05-03	44
79	2016-01-20	91
80	2015-01-06	38
81	2016-04-16	44
82	2015-05-22	46
83	2016-04-24	5
84	2016-02-25	10
85	2015-12-23	90
86	2015-09-27	32
87	2015-08-14	79
88	2015-12-09	93
89	2015-11-12	27
90	2015-08-25	32
91	2016-03-29	50
92	2016-05-05	31
93	2016-02-25	73
94	2015-05-04	51
95	2015-04-29	12
96	2015-04-10	32
97	2016-06-03	12
98	2015-01-10	8
99	2016-06-20	6
100	2016-06-06	63
101	2016-01-11	34
102	2015-11-27	74
103	2016-06-24	28
104	2015-06-03	14
105	2016-03-13	87
106	2015-01-07	15
107	2015-05-12	82
108	2015-03-26	14
109	2016-09-28	15
110	2015-08-27	73
111	2015-06-09	76
112	2015-08-02	93
113	2016-05-16	44
114	2016-08-04	14
115	2016-02-03	57
116	2015-10-06	51
117	2016-08-24	7
118	2015-03-23	23
119	2015-12-17	96
120	2016-03-05	7
121	2015-06-19	49
122	2016-04-04	54
123	2015-11-03	75
124	2016-06-25	78
125	2016-02-24	2
126	2015-04-10	76
127	2015-02-10	6
128	2015-12-07	87
129	2016-01-23	72
130	2016-05-01	41
131	2015-08-19	53
132	2015-03-06	31
133	2016-06-01	99
134	2016-02-04	53
135	2016-03-24	50
136	2015-03-03	43
137	2016-02-25	99
138	2015-09-29	67
139	2015-03-07	40
140	2015-10-29	33
141	2016-05-25	1
142	2015-01-29	54
143	2016-07-26	54
144	2016-01-08	71
145	2015-02-05	29
146	2015-05-05	65
147	2015-08-13	58
148	2015-03-19	85
149	2015-12-02	14
150	2015-07-14	100
151	2016-05-25	19
152	2015-12-10	33
153	2016-04-30	38
154	2016-06-21	47
155	2015-01-07	2
156	2016-04-01	43
157	2015-01-20	5
158	2015-05-20	9
159	2015-04-11	20
160	2015-03-12	4
161	2015-10-06	70
162	2015-12-27	2
163	2015-06-15	99
164	2016-04-29	6
165	2015-05-22	48
166	2015-06-05	82
167	2016-03-21	43
168	2015-10-02	50
169	2016-07-03	86
170	2016-02-27	60
171	2016-05-26	32
172	2016-08-26	79
173	2015-08-31	37
174	2016-08-02	48
175	2016-07-18	89
176	2016-07-29	68
177	2015-03-25	69
178	2015-02-20	59
179	2015-06-30	92
180	2016-03-02	64
181	2016-09-16	83
182	2016-05-03	70
183	2016-09-08	71
184	2015-11-16	65
185	2015-09-20	34
186	2016-09-07	18
187	2015-10-13	19
188	2015-10-28	67
189	2016-01-27	1
190	2016-09-20	93
191	2016-07-25	42
192	2016-07-22	1
193	2015-06-18	14
194	2016-06-20	67
195	2016-02-18	59
196	2016-09-16	99
197	2015-08-01	78
198	2015-11-26	39
199	2015-04-02	5
200	2015-03-16	22
201	2015-02-05	37
202	2015-01-08	81
203	2015-10-02	11
204	2016-05-27	17
205	2016-09-13	95
206	2015-08-28	76
207	2016-09-16	32
208	2016-03-22	35
209	2015-10-26	47
210	2015-12-02	94
211	2016-08-10	37
212	2015-06-12	13
213	2016-03-24	2
214	2015-12-23	10
215	2016-05-09	19
216	2015-08-21	86
217	2016-01-13	32
218	2015-05-26	79
219	2015-05-24	84
220	2015-12-26	50
221	2015-09-04	50
222	2016-07-18	11
223	2015-11-26	19
224	2015-02-21	23
225	2015-10-10	96
226	2016-07-11	31
227	2015-02-20	69
228	2015-07-20	61
229	2015-04-19	54
230	2015-05-29	40
231	2015-04-29	97
232	2016-02-27	38
233	2015-05-18	14
234	2015-11-30	17
235	2015-06-24	41
236	2015-01-08	55
237	2016-06-02	64
238	2016-08-31	21
239	2015-08-17	24
240	2016-02-14	68
241	2015-06-08	73
242	2016-06-07	1
243	2015-11-19	6
244	2016-03-17	29
245	2016-07-23	76
246	2015-09-14	75
247	2015-04-27	43
248	2016-02-19	71
249	2016-05-15	86
250	2015-09-06	15
251	2016-01-29	90
252	2016-05-18	13
253	2015-12-02	89
254	2016-05-06	10
255	2015-08-22	70
256	2015-09-28	9
257	2015-11-02	25
258	2016-04-02	44
259	2016-06-05	72
260	2015-12-02	9
261	2015-07-30	75
262	2015-06-24	62
263	2016-04-26	70
264	2015-11-05	96
265	2015-05-17	47
266	2016-01-24	84
267	2016-08-13	81
268	2016-08-16	24
269	2016-03-31	11
270	2015-04-23	60
271	2015-02-09	34
272	2016-02-26	51
273	2016-07-28	37
274	2016-06-12	50
275	2015-01-04	9
276	2016-05-03	44
277	2015-01-18	44
278	2016-05-30	27
279	2015-07-06	26
280	2015-09-28	62
281	2016-04-12	47
282	2016-08-03	52
283	2015-10-13	60
284	2016-09-23	43
285	2016-07-14	69
286	2016-06-09	56
287	2016-04-01	15
288	2015-11-16	55
289	2015-01-22	70
290	2015-09-28	79
291	2016-04-15	90
292	2016-04-12	59
293	2015-07-03	69
294	2015-11-25	21
295	2015-12-27	54
296	2015-11-18	46
297	2015-09-24	52
298	2015-07-25	67
299	2015-05-12	16
300	2015-08-10	87
\.

-- fill table details (1500)
\echo # filling table details (1500)
COPY details (ordid,pcode,qty) FROM STDIN (ENCODING 'UTF-8');
137	224	1
232	290	1
121	202	9
143	804	1
36	24	7
30	944	5
174	574	1
262	981	1
205	727	1
296	90	1
219	435	5
183	558	6
51	308	1
192	988	1
23	724	1
31	595	5
208	539	1
81	375	1
268	519	1
178	423	1
8	101	1
270	30	1
90	275	1
239	686	1
135	415	1
34	914	3
127	672	1
222	666	1
27	223	1
95	582	1
37	797	1
242	880	1
47	130	1
87	672	1
101	657	5
92	146	1
153	192	1
160	62	1
204	355	1
232	875	1
55	149	1
138	580	1
198	60	1
127	400	1
15	461	7
70	438	1
12	885	1
103	881	6
6	565	1
125	680	1
242	425	1
91	958	1
278	857	1
149	700	1
259	608	1
132	624	1
50	191	1
227	29	1
11	90	1
49	993	1
88	235	1
84	137	3
239	356	7
256	458	4
130	371	1
71	403	1
79	815	10
192	937	1
136	65	1
5	789	4
75	473	4
156	87	1
119	739	4
208	207	1
149	220	1
94	269	1
259	89	1
88	837	1
282	420	1
99	853	1
239	932	1
228	198	1
70	441	1
137	219	2
216	513	6
204	476	1
66	817	3
297	954	1
232	359	6
250	708	1
105	341	1
194	753	1
298	651	1
88	617	1
180	798	1
280	521	1
161	695	1
220	348	1
55	764	1
66	259	1
212	537	1
72	527	1
247	596	1
213	455	6
210	434	1
209	400	1
67	236	5
131	991	1
254	467	1
64	246	1
157	930	1
264	54	1
299	842	1
27	254	1
33	851	2
24	978	1
238	431	4
24	564	1
192	760	1
83	762	2
284	148	1
157	587	1
271	861	1
279	764	6
22	900	1
285	248	1
252	895	1
281	786	1
235	928	8
185	488	1
41	103	1
38	144	1
138	207	1
65	304	7
194	39	1
234	522	1
42	654	1
7	973	1
85	122	1
103	688	1
222	548	1
175	109	1
171	324	1
95	735	8
186	888	1
267	571	1
104	802	1
117	499	1
101	76	1
16	317	3
171	460	1
127	976	1
225	588	1
151	112	1
204	711	6
217	824	1
67	890	1
271	23	1
130	149	1
154	809	1
77	173	1
246	897	1
124	884	7
173	829	9
3	231	1
154	15	7
289	289	1
228	531	2
64	559	1
276	152	1
153	165	7
261	737	1
114	112	2
217	751	1
260	971	1
153	474	1
52	305	1
202	106	1
151	720	1
277	28	1
193	864	1
177	385	1
89	222	1
174	142	1
41	964	1
263	582	1
1	551	1
147	923	1
38	70	1
69	413	1
168	24	1
197	994	1
85	646	1
103	792	3
155	853	1
79	695	1
54	130	1
82	408	1
289	605	1
286	55	1
57	844	1
210	527	1
160	316	9
234	551	1
67	234	1
64	152	1
11	643	1
1	313	3
191	13	1
28	951	1
52	228	1
126	482	3
206	986	1
83	362	2
71	187	1
242	922	1
258	90	1
136	973	1
244	446	2
70	804	1
111	60	7
212	106	1
138	583	2
183	584	1
75	756	1
242	835	1
280	22	1
33	474	1
181	24	1
158	884	1
165	680	1
253	848	1
101	57	1
63	391	1
72	852	1
14	140	3
139	348	1
4	125	1
150	496	1
246	195	1
65	690	1
85	555	1
107	855	1
137	711	2
24	354	1
158	693	1
245	675	8
76	520	1
250	206	1
298	957	1
136	235	5
110	894	1
135	265	1
236	52	1
114	700	2
55	228	1
40	622	1
164	320	1
67	72	1
205	324	4
51	788	1
81	519	1
89	789	1
6	378	1
113	590	1
287	706	1
257	460	1
35	404	8
85	573	1
237	931	1
203	127	1
62	205	1
146	201	1
66	857	1
95	634	1
80	824	1
10	769	1
217	678	1
96	855	4
7	127	1
39	35	1
70	180	5
244	708	1
126	460	9
159	15	1
187	30	1
133	368	1
284	552	1
87	693	1
226	698	2
13	612	1
174	838	1
21	674	4
89	510	1
134	986	1
83	297	1
265	870	3
32	247	1
273	977	1
244	949	1
286	340	1
166	907	1
278	957	1
6	847	1
92	328	1
62	912	1
53	334	1
211	486	1
108	873	1
119	356	1
286	4	1
100	280	1
268	515	1
93	791	5
139	904	1
289	936	1
60	486	1
15	179	1
221	73	3
104	975	3
237	130	1
135	85	1
223	7	1
208	418	1
182	561	1
134	46	1
147	929	1
61	695	1
176	250	1
146	977	2
12	902	3
151	79	1
299	255	1
99	28	1
36	856	1
216	505	2
154	465	1
14	560	1
124	506	1
210	510	1
23	366	1
104	209	3
292	694	1
74	143	1
283	476	1
87	675	6
115	807	1
203	680	1
65	376	8
200	36	1
193	757	5
272	569	1
188	138	2
157	409	1
14	70	1
186	5	1
198	191	1
218	270	1
6	223	1
111	762	1
16	279	1
47	111	1
231	24	2
270	3	1
149	769	1
170	571	1
177	97	6
154	713	2
234	661	3
150	254	1
147	973	3
222	424	4
197	877	1
7	180	1
96	251	1
43	793	1
170	545	1
246	380	1
5	203	1
176	527	1
105	519	1
185	515	9
234	488	1
160	37	1
127	77	1
154	72	1
251	530	1
128	607	1
145	439	1
235	490	1
44	371	1
92	10	1
288	362	1
44	861	1
204	829	1
20	181	1
42	474	1
299	903	1
19	745	1
107	81	6
242	693	1
113	117	1
217	802	1
162	155	5
94	159	1
38	914	1
56	235	1
265	132	1
65	529	3
278	757	1
75	259	9
120	969	2
217	785	3
275	33	1
102	497	1
254	973	1
203	556	1
144	405	1
181	18	1
215	368	1
212	189	1
155	337	1
241	438	1
144	611	1
193	988	1
156	703	1
199	742	2
228	936	1
42	250	1
120	453	2
163	712	4
296	112	6
293	866	1
209	220	1
155	868	1
150	162	1
125	959	1
143	955	2
137	260	1
52	628	1
49	514	1
221	781	1
162	731	1
81	738	1
35	754	1
71	124	1
46	888	1
286	553	1
119	473	4
284	229	1
295	548	3
136	214	1
22	851	1
163	870	1
142	795	3
161	368	1
209	266	1
186	605	2
31	283	5
99	714	1
46	761	1
128	400	1
195	361	1
201	627	1
291	307	3
129	76	1
265	368	1
69	522	1
165	428	1
119	104	1
123	348	1
12	882	3
200	164	10
202	69	1
109	726	1
277	657	1
124	920	6
157	854	1
300	939	1
29	65	6
98	139	4
282	740	1
175	731	10
109	370	4
15	97	2
106	386	1
92	774	2
78	245	1
236	587	9
17	172	1
81	602	1
98	69	2
209	684	1
226	262	1
272	106	1
138	849	1
282	381	1
41	453	4
13	434	1
257	652	1
4	351	1
31	833	1
29	214	1
130	738	1
42	807	1
3	839	1
260	290	5
218	332	1
221	248	1
276	791	3
28	688	1
262	630	1
5	140	9
229	386	1
175	134	9
291	77	3
158	447	1
108	214	1
288	272	1
280	716	5
49	795	4
119	459	1
250	857	1
138	572	1
164	902	1
235	124	1
7	836	1
247	65	1
136	5	1
123	609	1
191	541	1
96	94	3
217	339	1
209	692	1
56	966	1
139	479	6
279	668	1
167	882	1
201	437	1
185	332	1
12	188	1
36	334	9
272	609	1
126	592	1
31	156	5
204	406	1
127	90	1
232	101	1
184	845	2
220	641	2
61	493	1
252	923	2
73	275	1
2	851	1
193	118	1
151	885	1
196	509	1
92	567	1
97	468	1
78	269	1
225	988	1
46	720	4
47	176	3
273	344	1
224	545	1
270	310	1
84	88	1
152	851	1
273	15	10
137	951	1
25	409	1
251	457	1
26	49	5
180	839	1
49	327	7
261	180	1
202	788	1
193	679	3
217	245	1
72	687	1
233	601	1
187	552	1
114	670	2
2	903	10
288	688	1
286	541	1
106	682	2
76	679	1
200	780	1
74	198	2
72	573	8
67	513	1
281	114	1
172	717	1
208	67	1
18	916	9
296	704	1
127	264	1
261	929	1
206	545	1
251	8	1
137	15	1
139	404	8
189	22	2
138	19	8
145	681	2
62	385	1
223	374	1
253	920	1
267	865	1
82	330	1
110	597	1
191	15	1
185	492	1
219	368	3
165	603	1
176	671	2
250	994	1
299	25	1
288	319	2
21	27	1
243	668	1
35	977	1
124	983	1
57	998	1
210	932	1
233	747	1
129	946	1
288	511	10
103	50	2
272	780	1
80	577	2
264	541	1
64	760	1
225	253	1
294	287	1
290	474	1
21	549	1
191	79	1
17	413	1
176	389	1
241	416	1
92	228	1
250	623	1
172	657	1
158	101	1
91	936	1
290	561	1
41	834	1
165	828	1
139	508	1
238	36	9
77	178	1
139	921	3
85	385	1
86	796	1
191	973	1
45	125	1
54	739	1
182	812	1
120	832	1
129	548	1
242	727	1
164	912	1
206	343	1
20	689	1
173	725	1
241	150	1
59	76	5
283	721	1
270	94	3
197	715	1
270	214	1
285	590	1
34	940	10
177	939	1
287	154	1
2	996	3
96	769	1
110	551	3
213	883	1
187	612	3
288	536	1
134	320	2
79	294	1
31	634	1
108	308	1
67	444	1
267	149	1
142	838	1
79	157	1
208	816	2
300	460	7
175	937	1
255	260	5
185	475	2
109	656	1
283	498	1
293	883	1
75	866	1
272	379	1
203	869	7
261	915	1
74	861	1
74	355	1
56	47	1
298	877	1
234	347	1
38	3	1
137	601	1
262	180	2
223	619	1
190	855	3
172	221	1
58	93	1
28	658	1
85	390	2
105	669	1
263	39	1
105	326	1
99	934	1
100	245	1
192	573	1
214	292	1
114	210	1
203	879	1
162	532	1
154	525	1
94	128	1
155	12	7
7	276	2
58	432	1
145	165	1
271	382	1
281	161	9
143	448	1
4	521	4
15	81	1
261	724	1
50	377	1
160	531	1
168	652	1
283	752	1
93	564	6
125	829	1
124	502	1
213	856	1
174	172	1
7	169	1
32	857	10
243	937	1
75	382	1
286	196	1
90	505	1
213	717	1
244	619	1
259	929	1
202	286	1
109	824	1
63	988	1
5	110	1
118	34	1
252	114	1
242	214	1
273	301	1
247	667	1
222	48	8
96	530	6
179	251	1
51	596	1
256	149	1
218	360	1
196	235	1
278	776	1
136	121	2
287	274	1
78	65	7
101	970	1
198	858	6
295	71	4
231	167	3
176	627	1
194	2	1
32	877	2
142	144	1
121	404	7
235	91	1
22	182	1
76	25	1
197	368	9
64	948	1
71	296	3
242	411	1
159	583	1
138	903	1
72	846	1
115	247	1
236	631	1
61	549	1
286	315	1
147	132	4
43	830	1
236	952	1
228	177	1
75	390	1
93	890	10
246	109	4
252	817	1
229	938	5
72	768	1
24	582	1
34	48	1
93	653	1
23	363	2
171	806	1
72	307	7
287	764	1
277	714	1
151	768	1
31	364	7
76	179	1
13	881	1
240	236	1
298	731	1
46	31	4
221	687	1
117	853	1
289	632	1
178	896	1
199	935	1
118	740	1
263	769	2
147	232	1
284	800	1
118	298	5
119	845	1
18	662	1
240	750	1
294	412	1
152	93	1
135	584	1
117	71	1
295	702	1
177	30	1
259	190	1
6	56	1
64	740	1
94	907	1
27	970	1
48	587	1
102	656	1
227	923	1
212	182	1
285	778	1
120	932	1
47	845	1
283	295	1
270	46	1
123	451	1
149	910	1
73	188	1
226	682	1
176	877	1
165	29	1
232	910	4
243	371	1
174	31	1
19	66	1
201	996	1
294	722	1
226	299	1
188	858	1
274	836	1
105	579	9
299	646	1
150	17	3
157	632	1
177	853	1
126	441	1
81	971	1
74	410	1
210	743	2
256	759	1
211	745	1
191	310	1
298	137	1
196	201	1
100	36	1
69	832	1
66	772	1
119	107	1
269	41	1
296	854	1
90	449	1
148	107	3
8	268	1
144	429	3
21	115	1
205	697	1
107	223	1
133	121	1
138	738	1
47	844	1
60	835	1
161	502	1
266	166	1
80	865	2
168	967	3
49	960	1
27	494	1
22	423	1
239	986	1
175	231	1
101	721	1
179	659	1
76	992	1
218	377	1
119	736	1
56	996	1
153	574	1
292	390	1
167	540	7
190	749	9
83	548	10
25	7	1
45	568	1
39	239	1
274	818	1
196	754	1
156	574	1
188	352	1
216	550	1
63	999	1
183	522	1
186	604	1
182	106	1
87	696	6
223	586	10
285	356	1
18	183	1
185	409	1
234	549	1
254	781	2
134	569	1
151	252	6
174	318	1
33	256	8
237	13	1
160	207	1
87	40	3
14	565	1
89	228	1
12	209	1
294	650	10
120	777	1
139	437	1
261	701	1
85	141	2
197	944	1
288	712	1
100	693	9
18	509	1
242	267	1
296	796	1
83	898	1
265	265	1
128	876	5
247	679	1
244	305	4
65	319	1
197	694	1
99	486	2
167	6	1
204	377	1
182	471	1
99	163	9
120	509	3
149	780	1
171	369	10
106	539	1
177	386	1
207	845	1
266	763	1
34	83	1
145	756	1
251	17	1
250	644	1
128	275	1
289	212	1
2	750	1
98	609	1
8	45	9
281	183	1
270	237	1
279	203	1
6	24	1
91	813	1
28	705	1
133	452	1
60	957	4
113	916	1
36	196	1
157	208	1
108	584	1
175	193	1
278	859	4
232	147	1
259	176	2
244	90	1
274	437	1
77	120	1
25	755	5
38	203	2
240	469	1
240	337	1
111	912	1
243	517	1
170	388	3
292	933	1
146	944	2
238	835	1
31	20	2
251	948	1
187	176	1
202	298	2
167	46	1
88	832	2
255	255	1
187	563	2
1	782	1
47	595	1
2	231	1
131	288	1
90	163	1
264	159	1
72	600	2
83	406	1
85	740	1
61	154	1
28	857	1
273	649	1
190	453	1
142	922	1
257	614	1
188	451	1
209	952	1
100	401	2
69	699	1
287	192	2
127	84	1
28	756	1
98	975	1
161	789	1
155	866	1
57	575	1
204	932	1
271	879	6
275	29	1
78	649	4
245	182	1
213	812	1
149	961	2
57	752	1
75	878	1
253	524	1
186	673	1
199	608	1
50	803	1
67	693	1
189	628	1
272	772	8
66	874	1
103	96	1
164	83	6
173	868	1
173	14	1
145	872	1
278	800	1
223	234	1
165	519	1
51	667	1
180	667	1
56	480	1
81	138	1
167	452	1
286	332	2
254	907	1
206	831	1
300	715	1
72	62	4
89	98	1
39	598	1
176	262	1
111	144	1
156	348	1
192	454	1
197	266	1
26	18	1
191	941	1
226	549	1
290	201	1
87	148	5
7	312	1
54	890	1
245	164	2
211	986	1
177	91	1
176	497	1
91	491	1
43	299	1
20	701	1
10	62	1
169	863	1
224	323	1
132	786	1
247	827	5
205	131	2
185	474	1
296	391	2
128	775	1
28	844	1
125	1000	1
164	736	7
139	235	3
141	103	1
95	864	1
93	101	6
44	36	1
178	914	1
145	704	1
64	60	1
133	83	1
145	176	1
229	203	1
258	231	2
7	606	1
28	561	1
263	596	4
52	513	1
164	185	1
192	891	1
295	989	1
171	455	1
276	565	1
49	835	1
27	775	1
71	234	1
57	284	1
280	153	1
112	854	1
116	609	1
212	543	1
219	484	1
98	284	1
82	345	1
102	846	2
165	367	1
178	938	1
285	148	1
254	421	1
89	227	1
197	878	1
152	444	1
127	989	1
225	650	1
13	868	1
256	8	1
143	608	3
41	364	1
256	304	1
24	6	1
4	592	10
112	779	1
133	81	1
251	853	1
29	841	5
246	726	1
137	807	1
43	535	1
57	891	1
228	736	5
121	731	1
28	691	1
281	180	1
146	443	2
183	142	6
139	106	1
243	405	3
253	924	7
63	224	1
77	963	1
216	913	7
22	774	1
170	204	5
184	785	5
176	822	1
224	95	1
123	804	1
167	178	1
35	958	1
175	792	3
128	888	2
204	368	1
175	974	1
16	278	1
128	963	1
195	955	1
263	557	3
24	24	1
12	751	1
256	97	1
162	141	1
223	495	4
292	385	1
270	375	4
9	842	1
281	349	1
40	595	1
101	500	1
53	96	1
223	86	1
284	875	1
185	333	1
192	989	2
286	528	1
108	147	1
224	355	1
161	624	2
145	634	1
97	855	1
131	47	1
256	132	1
290	256	1
177	325	1
179	673	1
23	269	1
163	981	1
10	31	1
21	647	1
35	895	1
208	861	1
121	311	1
9	856	8
167	389	1
173	529	1
259	773	1
159	567	9
184	278	1
69	495	2
176	104	1
175	667	6
284	846	8
235	88	6
51	566	1
213	509	1
159	358	1
147	569	1
269	28	1
80	362	2
121	817	1
19	474	1
9	828	7
258	92	1
94	670	1
62	146	1
232	151	1
174	231	1
61	423	3
280	53	1
82	921	1
55	424	1
28	117	1
215	846	1
124	668	1
146	243	1
36	930	1
138	555	1
224	726	1
292	450	1
149	190	1
275	902	1
267	157	1
254	394	10
216	331	1
62	537	10
152	6	9
273	309	1
56	609	1
268	316	1
240	115	1
237	647	1
13	194	1
267	835	1
293	160	1
189	360	1
72	477	1
258	198	1
281	243	1
131	88	1
170	555	1
16	620	1
100	195	7
14	55	1
132	646	1
57	154	2
239	854	1
37	762	1
86	32	1
250	57	2
247	171	7
138	468	1
287	792	1
297	907	3
224	581	2
87	246	1
58	441	1
175	894	1
166	757	1
34	873	1
65	902	1
269	361	1
146	276	1
191	326	1
249	443	1
92	650	1
174	533	1
148	105	1
200	530	3
85	818	1
118	61	1
80	436	1
33	647	1
7	43	3
157	875	1
226	809	3
59	198	1
228	900	1
232	885	1
39	249	1
59	211	1
153	296	1
284	44	1
176	193	1
168	542	1
7	33	1
181	245	1
44	231	1
92	514	3
281	278	1
76	922	1
8	580	1
114	402	1
63	191	1
280	627	1
45	834	1
178	248	1
200	432	1
26	25	1
276	830	1
28	64	4
66	870	5
105	168	1
94	88	2
51	436	1
127	478	1
68	691	1
31	736	1
113	888	9
113	895	2
85	449	1
94	436	1
90	966	1
114	98	1
61	765	1
59	68	10
125	330	1
182	558	1
188	415	1
124	617	1
1	733	1
3	184	2
109	544	1
115	862	1
259	500	1
295	568	1
236	300	1
129	259	1
106	911	1
98	602	1
174	816	6
117	659	1
54	59	1
50	929	1
116	299	1
251	824	1
121	750	7
227	420	1
196	717	1
44	845	1
28	563	1
25	443	1
29	764	1
5	531	1
191	289	6
109	317	1
101	985	1
259	105	1
28	861	1
232	667	1
197	461	1
253	589	1
71	724	1
264	724	5
289	869	1
174	496	1
132	784	1
234	977	10
271	744	1
180	942	3
192	257	3
91	142	7
281	56	1
210	899	1
288	548	3
4	211	9
210	266	1
262	472	1
145	288	1
248	978	1
212	656	1
188	4	1
51	813	1
30	891	1
98	865	1
295	322	1
135	389	2
290	104	1
224	791	1
226	181	10
156	588	1
242	341	1
269	785	1
225	839	1
24	573	1
243	768	1
191	57	1
77	27	1
57	466	1
208	162	1
188	199	1
252	735	1
146	398	1
285	950	1
189	47	1
229	849	1
292	942	8
48	876	1
22	20	1
173	962	1
153	352	1
198	567	1
249	397	1
205	258	1
140	197	1
269	68	1
30	902	1
134	281	1
189	629	1
47	112	6
131	546	2
153	902	3
67	612	1
249	358	1
217	12	1
24	102	1
215	35	6
256	134	3
51	616	3
196	199	1
238	508	1
120	614	1
221	421	3
294	991	4
117	99	1
291	283	1
62	331	1
104	572	2
42	467	1
214	419	1
101	540	1
103	340	1
40	929	1
223	525	1
261	961	1
248	534	1
93	969	1
71	506	1
300	686	1
4	705	1
111	499	1
\.

-- fill table invoices (200)
\echo # filling table invoices (200)
COPY invoices (invid,ordid,amount,issued,due) FROM STDIN (ENCODING 'UTF-8');
1	117	20.88	2015-03-23	2016-01-04
2	178	772.64	2016-09-27	2016-06-20
3	239	23.40	2015-04-04	2016-09-15
4	300	30.43	2016-08-07	2015-02-22
5	173	1.65	2016-05-30	2016-01-15
6	234	21.87	2016-05-17	2015-03-14
7	295	2.79	2016-06-12	2016-02-04
8	56	76.21	2015-07-20	2016-04-04
9	5	827.36	2015-08-06	2015-01-20
10	66	586.58	2015-09-19	2016-03-26
11	127	61.93	2016-08-06	2015-04-06
12	188	235.54	2016-08-13	2015-08-09
13	61	150.28	2015-03-15	2016-03-20
14	122	1.61	2016-04-11	2015-12-06
15	183	708.54	2016-02-20	2015-05-06
16	244	704.38	2015-09-21	2016-04-19
17	193	6.74	2016-04-10	2015-08-26
18	254	39.17	2016-04-18	2016-02-08
19	15	65.65	2016-01-31	2015-10-13
20	76	123.9	2015-06-22	2016-02-29
21	249	308.95	2016-09-23	2015-02-06
22	10	931.83	2015-12-24	2015-01-21
23	71	6.45	2015-07-23	2016-04-21
24	132	3.20	2016-04-07	2016-08-11
25	81	500.53	2015-07-18	2016-04-06
26	142	92.85	2015-04-23	2016-02-13
27	203	4.88	2015-01-30	2016-03-19
28	264	188.90	2015-09-25	2015-11-06
29	137	580.67	2016-08-11	2015-01-24
30	198	571.33	2015-04-08	2016-03-21
31	259	1.78	2015-08-08	2016-09-25
32	20	860.93	2016-08-20	2016-02-02
33	269	7.64	2016-08-21	2015-04-30
34	30	26.6	2016-03-12	2015-01-08
35	91	1.23	2015-10-25	2015-10-28
36	152	1.5	2015-02-21	2016-04-07
37	25	511.70	2016-07-24	2015-06-04
38	86	1.32	2015-02-26	2015-04-16
39	147	836.9	2016-09-16	2015-05-26
40	208	10.43	2016-07-15	2015-05-04
41	157	375.90	2016-09-14	2016-06-15
42	218	123.46	2015-01-16	2015-01-04
43	279	18.23	2015-12-30	2016-02-07
44	40	1.86	2015-04-13	2015-10-12
45	213	1.96	2015-04-24	2015-04-23
46	274	54.86	2016-04-07	2015-09-20
47	35	265.86	2015-06-19	2016-06-29
48	96	92.63	2016-07-27	2016-03-17
49	45	316.38	2015-05-19	2015-02-14
50	106	958.75	2016-07-09	2015-04-03
51	167	435.49	2015-02-24	2016-05-23
52	228	1.70	2015-07-23	2016-01-20
53	101	66.13	2016-04-24	2016-02-03
54	162	282.98	2015-03-05	2015-06-24
55	223	7.70	2016-05-13	2015-07-07
56	284	424.88	2015-04-25	2015-07-08
57	233	4.35	2015-06-11	2016-05-03
58	294	850.48	2015-12-25	2015-12-21
59	55	357.79	2015-06-04	2015-03-20
60	116	231.87	2016-02-21	2016-03-12
61	289	15.9	2015-10-31	2015-03-21
62	50	1.41	2016-09-27	2016-05-30
63	111	35.76	2015-05-08	2016-02-06
64	172	675.6	2015-01-14	2016-06-26
65	121	1.1	2016-03-01	2015-07-28
66	182	3.31	2016-04-13	2015-03-13
67	243	1.43	2015-08-07	2015-12-11
68	4	571.77	2016-09-11	2015-09-28
69	177	1.93	2015-05-30	2015-02-13
70	238	1.97	2016-02-19	2015-03-29
71	299	2.89	2015-01-12	2016-06-28
72	60	429.31	2015-04-05	2015-01-24
73	9	786.31	2015-04-20	2016-02-08
74	70	397.75	2015-10-09	2016-08-30
75	131	7.15	2015-09-19	2016-05-27
76	192	592.4	2015-09-27	2015-07-28
77	65	1.13	2015-07-30	2015-09-07
78	126	1.77	2016-01-11	2015-03-11
79	187	865.33	2016-08-26	2016-01-26
80	248	8.3	2015-07-12	2016-07-22
81	197	626.46	2015-08-03	2015-03-30
82	258	2.28	2015-05-06	2016-01-01
83	19	5.53	2015-01-13	2016-03-09
84	80	1.90	2016-05-03	2015-12-04
85	253	78.84	2016-04-12	2016-01-19
86	14	12.54	2016-05-04	2015-02-21
87	75	209.29	2016-01-22	2016-07-23
88	136	6.51	2016-01-07	2015-09-28
89	85	153.71	2016-02-01	2015-12-29
90	146	527.80	2015-06-28	2016-06-19
91	207	1.4	2015-07-19	2016-07-15
92	268	2.30	2015-11-19	2016-05-17
93	141	408.53	2016-07-15	2016-07-27
94	202	1.40	2015-05-11	2016-06-27
95	263	220.64	2015-02-26	2015-06-30
96	24	111.30	2016-03-14	2015-11-23
97	273	21.58	2015-07-13	2015-12-19
98	34	752.8	2016-08-12	2015-03-07
99	95	81.31	2016-05-07	2016-06-18
100	156	587.5	2016-02-21	2016-07-30
101	29	661.39	2015-11-21	2015-02-21
102	90	1.22	2015-09-07	2016-08-29
103	151	13.36	2016-08-10	2016-05-01
104	212	174.50	2015-04-26	2015-11-17
105	161	693.47	2016-09-29	2015-09-21
106	222	966.45	2016-03-18	2015-06-28
107	283	70.13	2016-05-26	2015-07-03
108	44	1.56	2015-06-23	2016-06-07
109	217	48.71	2015-07-31	2015-11-02
110	278	102.33	2016-09-26	2016-09-14
111	39	838.36	2015-09-27	2016-09-27
112	100	248.95	2015-08-23	2016-08-12
113	49	425.66	2015-02-26	2015-08-13
114	110	2.17	2015-09-03	2016-06-28
115	171	910.16	2016-09-27	2015-08-30
116	232	364.78	2016-08-07	2015-06-16
117	105	460.11	2016-04-02	2015-05-01
118	166	379.27	2016-08-26	2015-01-29
119	227	259.93	2015-07-02	2015-09-11
120	288	2.33	2015-06-25	2015-02-19
121	237	627.56	2015-06-12	2015-01-17
122	298	48.92	2015-12-08	2015-10-20
123	59	9.85	2016-04-18	2015-08-30
124	120	237.23	2015-04-12	2016-02-16
125	293	20.23	2015-09-30	2016-02-23
126	54	40.35	2015-05-27	2015-02-11
127	115	311.8	2015-03-06	2016-01-08
128	176	15.71	2016-01-29	2015-10-17
129	125	117.78	2016-01-16	2016-08-16
130	186	1.23	2015-06-26	2015-05-24
131	247	407.62	2015-01-24	2015-02-26
132	8	704.19	2016-02-25	2016-09-07
133	181	3.75	2016-02-28	2016-05-27
134	242	7.63	2016-02-28	2015-02-07
135	3	689.74	2015-07-21	2015-01-01
136	64	330.30	2016-08-05	2015-07-18
137	13	1.89	2015-05-30	2015-08-25
138	74	34.18	2016-04-17	2016-08-28
139	135	347.14	2015-12-01	2016-07-09
140	196	704.55	2015-02-08	2015-05-24
141	69	1.62	2016-03-27	2016-02-08
142	130	973.84	2015-11-01	2016-02-18
143	191	8.30	2015-08-13	2015-07-19
144	252	653.8	2016-05-24	2016-07-13
145	201	128.23	2016-09-06	2015-04-17
146	262	1.39	2016-04-19	2015-02-28
147	23	214.63	2016-04-27	2015-08-27
148	84	809.9	2015-09-03	2015-12-01
149	257	186.33	2016-01-03	2015-07-15
150	18	95.24	2016-03-25	2015-06-15
151	79	1.41	2016-04-11	2015-09-10
152	140	1.33	2015-08-09	2015-12-16
153	89	120.23	2015-05-29	2015-12-21
154	150	238.5	2015-05-13	2015-11-01
155	211	234.16	2015-06-30	2016-06-30
156	272	8.98	2015-06-19	2015-09-05
157	145	18.83	2016-08-06	2015-11-09
158	206	3.52	2015-02-13	2015-01-17
159	267	404.49	2015-06-17	2015-03-09
160	28	901.67	2015-11-04	2015-10-03
161	277	807.40	2016-01-28	2015-01-11
162	38	349.33	2015-12-24	2015-08-03
163	99	182.15	2015-05-25	2015-02-23
164	160	12.72	2015-03-12	2015-03-23
165	33	75.43	2015-03-16	2015-02-07
166	94	1.39	2016-01-29	2015-08-07
167	155	96.63	2015-01-13	2016-09-17
168	216	3.78	2016-08-18	2016-09-01
169	165	1.95	2015-08-22	2016-04-29
170	226	1.74	2016-07-21	2015-03-16
171	287	1.93	2015-11-28	2015-08-13
172	48	13.64	2016-07-23	2015-10-21
173	221	1.51	2016-08-19	2016-01-28
174	282	727.59	2015-04-02	2015-07-29
175	43	29.24	2016-05-27	2016-03-24
176	104	17.51	2015-07-12	2015-11-28
177	53	280.55	2015-11-25	2015-02-18
178	114	1.51	2015-03-08	2015-10-16
179	175	261.19	2015-07-10	2015-07-14
180	236	11.97	2015-05-13	2015-02-10
181	109	9.88	2016-09-09	2015-07-10
182	170	269.63	2016-07-26	2016-06-30
183	231	9.96	2015-04-03	2015-02-06
184	292	695.74	2016-04-05	2016-01-24
185	241	8.7	2015-01-24	2015-11-16
186	2	402.85	2016-03-04	2016-03-13
187	63	1.16	2016-01-04	2016-09-04
188	124	42.74	2016-07-27	2016-02-27
189	297	143.70	2015-11-11	2016-06-08
190	58	30.21	2016-07-04	2016-03-12
191	119	2.79	2016-01-10	2016-08-29
192	180	61.20	2016-07-28	2016-01-25
193	129	16.78	2016-05-26	2016-01-18
194	190	256.54	2016-01-09	2015-01-18
195	251	365.13	2016-07-17	2016-05-09
196	12	224.57	2015-11-01	2015-09-14
197	185	245.77	2015-11-28	2016-05-08
198	246	1.43	2015-11-04	2016-05-08
199	7	207.65	2015-10-11	2016-06-07
200	68	1.43	2016-09-12	2015-06-09
\.

-- fill table payments (600)
\echo # filling table payments (600)
COPY payments (payid,tstamp,amount,invid) FROM STDIN (ENCODING 'UTF-8');
1	2015-03-17 13:42:00	572.70	178
2	2016-03-21 17:21:00	8.21	24
3	2015-06-04 20:21:00	854.69	79
4	2016-01-09 18:34:00	630.58	188
5	2016-03-13 17:45:00	1.49	85
6	2015-08-29 08:33:00	122.4	68
7	2016-02-03 00:15:00	1.51	192
8	2016-04-26 12:24:00	38.91	145
9	2015-10-19 16:56:00	24.44	104
10	2016-06-24 21:15:00	70.85	39
11	2015-07-20 15:34:00	5.87	173
12	2016-09-05 22:38:00	874.34	30
13	2015-09-19 22:56:00	465.27	98
14	2016-09-25 23:00:00	13.76	50
15	2016-07-04 11:29:00	419.91	148
16	2016-04-28 06:25:00	14.12	144
17	2015-01-26 15:43:00	1.81	154
18	2015-09-16 12:52:00	260.70	26
19	2016-07-10 14:44:00	305.15	85
20	2015-05-30 11:44:00	3.35	48
21	2015-02-10 11:54:00	3.30	163
22	2015-03-22 02:10:00	797.62	56
23	2015-09-11 21:17:00	2.75	106
24	2015-12-05 16:08:00	17.26	20
25	2016-09-14 11:42:00	343.78	174
26	2015-07-02 12:59:00	92.43	186
27	2015-03-08 00:36:00	4.63	106
28	2015-09-25 03:04:00	1.95	31
29	2015-09-25 00:42:00	653.43	27
30	2015-05-30 18:26:00	17.15	126
31	2015-08-13 04:42:00	6.98	91
32	2015-08-15 04:46:00	160.83	64
33	2016-06-11 03:06:00	9.90	198
34	2016-03-21 04:22:00	260.66	178
35	2015-06-07 20:32:00	1.9	54
36	2015-07-16 23:50:00	1.66	119
37	2015-06-13 16:52:00	146.68	78
38	2015-01-21 16:26:00	129.8	78
39	2015-08-21 20:51:00	1.22	63
40	2015-05-14 14:37:00	485.60	84
41	2015-09-24 08:36:00	1.12	3
42	2016-02-29 23:00:00	99.73	194
43	2016-07-14 10:54:00	544.99	85
44	2015-12-20 16:42:00	38.48	184
45	2015-08-30 17:06:00	740.50	153
46	2015-12-30 21:50:00	45.69	50
47	2016-06-12 14:18:00	633.4	36
48	2016-08-23 00:09:00	254.63	97
49	2016-09-10 00:07:00	6.79	196
50	2015-09-27 01:21:00	2.66	138
51	2016-05-08 00:26:00	865.51	108
52	2015-08-16 11:44:00	1.73	36
53	2016-05-09 06:58:00	253.37	119
54	2016-06-09 08:27:00	5.44	160
55	2015-02-23 01:18:00	1.65	74
56	2015-12-18 08:18:00	13.47	194
57	2016-03-29 07:24:00	320.64	6
58	2015-02-20 15:44:00	1.4	57
59	2016-09-09 09:12:00	28.31	177
60	2016-04-03 23:29:00	1.5	188
61	2016-01-19 23:32:00	68.60	139
62	2015-04-06 01:11:00	1.3	125
63	2016-04-04 12:31:00	150.15	93
64	2015-07-23 04:18:00	1.4	48
65	2015-04-17 00:12:00	22.46	154
66	2015-10-11 00:36:00	950.90	127
67	2016-01-23 09:55:00	1.46	158
68	2015-07-16 03:44:00	987.44	200
69	2015-06-11 10:30:00	3.85	39
70	2016-01-03 16:47:00	60.86	118
71	2015-08-06 21:47:00	13.50	102
72	2016-09-17 15:02:00	964.54	4
73	2015-05-04 04:41:00	164.40	9
74	2016-09-07 07:04:00	287.99	103
75	2015-02-17 09:55:00	115.43	171
76	2015-03-11 19:31:00	58.17	145
77	2015-05-02 16:22:00	103.22	50
78	2015-06-15 19:29:00	74.53	31
79	2015-09-22 23:27:00	50.76	112
80	2015-05-18 05:56:00	35.59	89
81	2015-10-12 01:44:00	884.73	143
82	2015-09-30 23:02:00	1.43	128
83	2016-09-17 20:13:00	47.60	19
84	2016-04-03 18:09:00	6.20	100
85	2015-12-05 11:29:00	216.91	102
86	2015-09-20 06:07:00	1.94	192
87	2016-09-09 12:29:00	39.93	173
88	2015-04-18 20:55:00	19.7	193
89	2016-05-20 18:19:00	1.20	14
90	2015-03-17 20:25:00	1.3	134
91	2015-08-10 14:43:00	642.70	128
92	2015-12-17 11:02:00	28.55	107
93	2015-12-11 01:23:00	17.83	57
94	2015-01-29 15:18:00	8.86	197
95	2015-12-24 07:09:00	36.55	14
96	2015-02-04 21:21:00	177.63	11
97	2016-06-11 22:58:00	1.28	137
98	2015-01-01 13:56:00	193.75	14
99	2015-01-27 03:55:00	2.13	12
100	2015-05-23 10:20:00	1.29	182
101	2015-08-26 23:37:00	47.72	153
102	2016-06-29 02:47:00	92.15	146
103	2016-05-25 10:54:00	938.17	119
104	2016-04-08 01:00:00	1.50	151
105	2016-09-17 23:41:00	40.74	103
106	2016-05-31 19:27:00	7.28	152
107	2016-06-15 21:58:00	141.5	194
108	2016-04-26 04:05:00	1.95	13
109	2016-03-22 18:55:00	109.35	7
110	2016-03-31 03:00:00	4.5	153
111	2015-04-26 20:47:00	41.12	57
112	2015-08-15 17:09:00	1.23	16
113	2016-04-30 06:11:00	2.10	73
114	2015-05-21 03:55:00	703.4	85
115	2015-01-28 18:25:00	288.82	85
116	2015-07-26 15:30:00	967.34	72
117	2016-08-13 17:37:00	8.57	161
118	2015-08-07 20:03:00	23.34	16
119	2015-09-13 12:45:00	1.61	32
120	2016-06-27 07:48:00	1.22	172
121	2015-01-05 07:36:00	34.67	26
122	2015-12-26 06:34:00	10.24	140
123	2016-09-29 22:01:00	737.87	184
124	2016-07-24 17:19:00	76.95	55
125	2015-03-15 22:35:00	72.35	11
126	2015-03-25 21:05:00	310.22	107
127	2016-05-25 17:51:00	781.36	13
128	2015-08-21 17:13:00	18.95	126
129	2016-06-24 03:12:00	815.36	134
130	2015-12-17 12:56:00	2.43	128
131	2015-03-07 12:12:00	120.1	124
132	2015-09-08 00:40:00	4.4	182
133	2015-02-04 11:35:00	1.88	190
134	2015-12-10 16:40:00	343.54	10
135	2016-07-28 12:36:00	7.86	95
136	2016-05-09 19:55:00	1.26	121
137	2015-01-17 16:05:00	1.87	74
138	2016-02-05 12:40:00	794.41	179
139	2015-11-11 07:40:00	1.11	68
140	2015-12-25 19:10:00	451.87	200
141	2015-03-16 17:45:00	878.18	123
142	2016-07-23 17:44:00	1.12	62
143	2015-12-09 22:22:00	179.46	133
144	2015-08-05 14:35:00	12.56	102
145	2016-03-03 21:26:00	2.44	3
146	2016-03-15 20:39:00	342.68	141
147	2015-06-24 00:05:00	1.42	99
148	2016-02-13 20:34:00	192.77	73
149	2015-01-08 21:29:00	7.79	136
150	2016-04-11 21:01:00	18.23	136
151	2015-06-10 04:56:00	1.2	187
152	2015-01-30 17:14:00	728.12	76
153	2015-07-27 11:47:00	567.97	141
154	2015-08-29 02:50:00	329.8	88
155	2016-06-09 19:17:00	107.95	189
156	2015-01-08 22:27:00	3.77	28
157	2016-05-04 08:08:00	239.80	85
158	2016-08-10 22:54:00	1.59	194
159	2016-07-07 08:56:00	636.58	157
160	2016-05-20 03:48:00	1.75	191
161	2015-07-06 02:56:00	13.3	127
162	2016-08-18 03:32:00	1.2	91
163	2016-01-06 19:43:00	5.30	83
164	2015-02-13 10:50:00	29.30	162
165	2015-01-07 04:24:00	375.26	22
166	2015-02-25 13:41:00	3.18	63
167	2015-01-16 19:11:00	3.49	141
168	2016-02-01 23:31:00	460.95	110
169	2015-06-11 08:37:00	491.28	78
170	2015-10-05 05:58:00	19.70	24
171	2016-04-29 16:03:00	464.64	118
172	2015-01-18 20:12:00	23.22	116
173	2015-01-16 08:47:00	415.78	46
174	2015-11-24 15:13:00	734.37	190
175	2016-04-04 18:17:00	138.91	93
176	2015-01-02 23:24:00	30.52	89
177	2016-05-10 15:34:00	85.40	26
178	2015-02-19 10:47:00	15.71	183
179	2015-01-12 14:20:00	521.33	9
180	2016-09-29 07:54:00	1.90	63
181	2015-03-24 18:01:00	14.83	162
182	2015-02-11 22:49:00	1.99	80
183	2015-08-21 17:07:00	32.60	81
184	2016-04-24 16:27:00	485.69	132
185	2016-03-04 00:01:00	64.65	159
186	2016-07-01 07:28:00	577.71	54
187	2016-02-25 01:21:00	1.84	109
188	2015-08-26 12:53:00	37.4	154
189	2015-11-08 02:15:00	1.90	83
190	2015-10-23 10:42:00	271.19	46
191	2015-03-24 21:58:00	1.5	135
192	2016-01-30 12:56:00	1.99	66
193	2016-01-15 04:01:00	1.77	84
194	2016-06-23 17:09:00	36.91	164
195	2015-03-23 20:22:00	5.60	120
196	2015-09-22 08:29:00	18.82	50
197	2016-02-06 05:54:00	68.93	131
198	2015-04-16 00:15:00	391.30	133
199	2016-01-20 21:44:00	8.30	180
200	2015-11-25 16:04:00	14.37	72
201	2016-04-24 19:20:00	1.63	146
202	2016-02-08 12:15:00	696.95	176
203	2016-03-10 15:46:00	37.63	103
204	2015-08-29 17:32:00	7.9	172
205	2016-06-01 06:41:00	1.71	82
206	2015-07-04 22:50:00	74.10	18
207	2015-06-10 05:33:00	290.32	56
208	2015-09-26 15:30:00	1.78	123
209	2016-04-26 11:37:00	146.27	196
210	2016-07-31 03:25:00	1.35	141
211	2015-11-27 13:56:00	87.40	182
212	2015-01-04 03:30:00	2.26	1
213	2015-09-15 02:00:00	1.78	110
214	2015-01-13 01:31:00	10.5	45
215	2015-12-23 17:37:00	61.76	141
216	2015-08-02 09:15:00	1.8	128
217	2016-02-09 18:35:00	79.96	179
218	2016-05-07 22:40:00	111.51	186
219	2016-03-22 13:25:00	892.36	105
220	2016-03-15 04:04:00	481.53	107
221	2015-03-14 11:44:00	10.78	139
222	2015-07-25 15:32:00	63.81	175
223	2015-06-19 02:54:00	648.35	198
224	2015-10-21 10:47:00	177.29	22
225	2015-02-08 16:49:00	92.11	179
226	2016-03-04 12:26:00	310.95	44
227	2016-07-09 15:49:00	149.52	101
228	2015-05-31 18:09:00	159.12	116
229	2015-04-28 15:11:00	1.9	177
230	2016-06-06 20:40:00	49.96	181
231	2016-04-15 21:56:00	782.10	177
232	2016-02-02 11:24:00	121.50	11
233	2016-02-02 10:14:00	110.57	195
234	2015-05-19 11:32:00	170.20	187
235	2015-04-12 15:17:00	1.94	6
236	2015-12-06 18:37:00	193.22	109
237	2015-12-17 07:53:00	320.35	83
238	2016-04-17 08:12:00	96.30	99
239	2015-03-04 04:39:00	86.72	62
240	2015-11-27 12:09:00	6.91	118
241	2015-06-29 06:35:00	470.76	147
242	2016-06-10 01:02:00	327.75	22
243	2016-07-03 17:05:00	1.87	175
244	2016-08-31 08:30:00	1.33	144
245	2015-11-03 07:27:00	1.47	171
246	2016-05-22 13:11:00	40.29	60
247	2016-04-12 23:50:00	1.62	162
248	2015-12-31 16:48:00	246.66	23
249	2015-08-25 12:55:00	70.63	103
250	2015-05-07 06:59:00	431.39	56
251	2016-07-12 16:37:00	11.93	65
252	2016-03-27 09:09:00	6.7	58
253	2015-03-29 05:18:00	1.96	127
254	2015-10-06 00:22:00	10.44	157
255	2016-07-21 16:45:00	15.75	23
256	2016-07-03 18:21:00	1.85	147
257	2016-08-11 02:21:00	1.35	41
258	2016-07-13 23:19:00	3.7	43
259	2015-11-23 21:04:00	966.37	41
260	2015-02-02 08:45:00	3.15	99
261	2015-12-30 17:12:00	1.62	175
262	2016-04-05 17:53:00	113.18	105
263	2015-01-07 10:20:00	271.77	144
264	2016-03-17 04:01:00	295.19	74
265	2016-06-10 21:59:00	985.34	119
266	2016-02-26 07:58:00	121.73	155
267	2016-07-09 14:14:00	2.37	114
268	2016-08-14 12:19:00	198.26	154
269	2015-03-06 03:36:00	374.39	77
270	2015-05-25 17:45:00	1.12	177
271	2016-03-21 19:35:00	1.53	139
272	2015-05-03 07:33:00	568.12	65
273	2016-09-29 20:08:00	5.8	44
274	2015-12-14 21:13:00	96.49	167
275	2015-10-20 09:29:00	865.10	173
276	2015-10-24 05:42:00	1.21	16
277	2015-03-17 02:56:00	1.68	160
278	2015-08-20 04:02:00	24.82	66
279	2015-07-11 09:01:00	449.4	162
280	2015-04-12 21:13:00	50.16	38
281	2016-06-29 12:50:00	637.59	91
282	2015-04-09 13:56:00	54.47	23
283	2015-05-28 19:55:00	46.89	60
284	2015-08-25 01:29:00	1.52	71
285	2015-06-18 11:19:00	12.28	118
286	2015-12-22 22:14:00	5.38	179
287	2015-01-23 17:06:00	608.29	151
288	2015-07-13 10:18:00	81.98	131
289	2016-09-22 15:02:00	874.39	64
290	2016-07-29 11:13:00	20.89	95
291	2015-01-13 07:02:00	414.34	114
292	2016-08-04 20:43:00	105.24	93
293	2016-07-26 07:04:00	927.44	109
294	2015-09-15 17:23:00	26.7	129
295	2015-05-23 18:09:00	24.43	151
296	2015-09-27 12:48:00	188.50	1
297	2016-06-22 12:10:00	4.3	82
298	2015-11-20 03:09:00	6.96	43
299	2016-08-13 10:03:00	79.77	11
300	2015-11-19 07:38:00	480.94	163
301	2015-06-17 12:29:00	78.4	178
302	2015-04-30 07:27:00	172.86	194
303	2016-09-20 01:09:00	199.76	138
304	2016-08-09 05:21:00	159.11	124
305	2015-04-15 09:12:00	791.48	17
306	2016-04-27 01:24:00	522.29	74
307	2015-01-02 19:24:00	13.52	142
308	2016-02-24 12:47:00	497.78	149
309	2015-07-10 04:45:00	43.78	177
310	2015-06-08 04:11:00	75.41	155
311	2016-09-19 01:24:00	1.30	172
312	2016-04-12 19:07:00	124.54	143
313	2015-12-18 18:40:00	104.5	171
314	2016-06-28 23:35:00	743.63	161
315	2016-04-25 10:42:00	657.46	18
316	2015-10-27 10:56:00	1.15	16
317	2015-10-09 14:26:00	83.63	83
318	2016-05-27 16:27:00	1.83	155
319	2015-12-29 03:19:00	101.88	36
320	2015-07-04 18:05:00	1.81	139
321	2015-09-26 23:11:00	3.5	90
322	2016-07-31 09:00:00	1.9	88
323	2016-05-13 01:11:00	64.58	68
324	2016-08-26 21:56:00	947.61	28
325	2015-03-13 20:50:00	292.49	111
326	2016-09-28 12:47:00	185.27	52
327	2015-03-05 02:20:00	888.94	112
328	2015-02-10 22:33:00	397.6	171
329	2015-11-13 19:38:00	6.51	8
330	2015-01-12 21:31:00	523.14	75
331	2016-04-11 00:24:00	67.29	142
332	2016-05-20 01:05:00	80.79	102
333	2015-08-11 03:21:00	1.80	84
334	2016-02-27 17:44:00	1.10	159
335	2016-07-31 10:21:00	135.91	104
336	2015-10-16 06:36:00	685.49	169
337	2015-01-17 21:44:00	158.19	151
338	2015-03-07 08:33:00	220.79	35
339	2016-06-25 05:50:00	217.40	4
340	2016-09-06 17:54:00	25.20	149
341	2016-08-31 20:39:00	335.54	40
342	2015-06-05 12:54:00	230.41	114
343	2015-01-30 20:31:00	557.7	40
344	2016-03-24 04:52:00	602.2	84
345	2015-07-10 12:08:00	271.16	123
346	2015-04-10 04:06:00	10.10	13
347	2016-04-18 14:30:00	577.47	93
348	2016-02-12 15:41:00	144.41	18
349	2015-01-26 09:55:00	51.11	160
350	2015-01-20 19:56:00	41.77	91
351	2015-11-06 01:47:00	368.28	39
352	2015-11-16 11:05:00	891.80	133
353	2015-10-10 08:45:00	6.78	56
354	2015-07-19 18:19:00	1.85	101
355	2015-03-21 16:47:00	1.44	33
356	2016-03-09 00:57:00	1.88	89
357	2015-03-20 11:44:00	218.57	25
358	2015-08-09 04:09:00	614.34	113
359	2015-10-31 11:10:00	3.42	77
360	2015-02-09 13:33:00	15.10	133
361	2016-06-17 01:00:00	408.28	34
362	2016-05-18 17:36:00	551.70	149
363	2015-11-16 00:24:00	13.25	47
364	2015-08-10 10:04:00	724.24	103
365	2015-05-30 04:44:00	157.17	199
366	2015-08-10 18:35:00	360.67	60
367	2015-12-14 03:11:00	244.63	101
368	2015-12-21 21:42:00	362.33	105
369	2015-10-06 21:12:00	236.77	112
370	2016-04-15 06:39:00	28.10	121
371	2015-07-31 18:09:00	505.33	23
372	2016-01-10 20:15:00	446.72	182
373	2016-03-15 12:32:00	31.21	118
374	2015-01-19 09:45:00	446.93	159
375	2016-06-12 12:50:00	647.27	189
376	2015-08-09 21:46:00	27.98	49
377	2016-05-09 16:35:00	144.38	103
378	2015-02-02 20:28:00	10.6	136
379	2015-09-29 07:55:00	1.73	43
380	2015-07-25 04:28:00	56.87	111
381	2015-08-16 05:09:00	13.98	44
382	2016-08-27 15:05:00	83.7	133
383	2016-05-07 14:04:00	533.79	191
384	2016-05-12 18:58:00	14.77	106
385	2016-04-19 00:33:00	601.64	57
386	2015-07-15 06:45:00	256.65	168
387	2015-02-08 09:55:00	1.18	103
388	2016-07-14 05:31:00	124.87	44
389	2015-05-04 19:02:00	683.72	79
390	2015-07-03 22:31:00	903.32	133
391	2016-09-19 09:49:00	673.65	35
392	2015-01-29 00:01:00	57.2	198
393	2015-11-17 17:43:00	2.7	50
394	2016-01-30 23:15:00	5.76	112
395	2015-03-25 01:28:00	1.61	108
396	2016-09-11 14:34:00	186.70	19
397	2016-04-20 04:20:00	191.86	1
398	2015-11-20 14:40:00	1.74	64
399	2015-11-01 21:13:00	1.77	172
400	2015-09-10 07:08:00	45.34	37
401	2015-12-14 21:04:00	2.99	64
402	2015-08-05 02:45:00	49.75	81
403	2015-02-06 09:32:00	17.21	52
404	2016-09-10 14:39:00	24.24	39
405	2015-05-16 22:19:00	1.26	109
406	2016-06-09 13:32:00	785.15	121
407	2016-03-27 20:25:00	812.58	18
408	2015-07-08 08:27:00	1.7	99
409	2015-10-31 16:23:00	12.42	110
410	2016-01-22 02:42:00	197.22	59
411	2016-08-07 12:14:00	68.71	117
412	2015-04-05 18:33:00	1.50	83
413	2016-02-13 10:22:00	1.99	9
414	2016-05-29 01:59:00	3.46	149
415	2015-03-12 14:14:00	700.38	146
416	2016-07-01 16:08:00	188.80	11
417	2016-06-24 15:40:00	13.91	113
418	2016-08-22 22:48:00	6.41	98
419	2015-08-30 23:07:00	521.28	181
420	2015-09-28 08:22:00	2.32	114
421	2015-01-23 01:53:00	9.30	143
422	2016-09-16 22:33:00	1.56	81
423	2015-03-02 05:52:00	632.33	187
424	2016-03-25 16:31:00	15.36	192
425	2015-02-03 19:48:00	1.51	3
426	2015-07-10 08:30:00	2.14	108
427	2016-07-30 00:53:00	485.20	95
428	2015-11-02 13:31:00	1.54	155
429	2015-07-29 08:39:00	923.75	166
430	2016-06-05 13:30:00	409.73	127
431	2015-04-26 09:49:00	20.60	198
432	2015-06-04 16:16:00	1.21	199
433	2016-09-15 08:23:00	67.66	33
434	2016-07-17 04:22:00	600.99	135
435	2015-05-26 07:01:00	431.66	44
436	2015-01-06 04:15:00	310.33	87
437	2015-04-18 07:14:00	3.76	191
438	2015-07-24 07:08:00	979.1	51
439	2015-10-17 18:05:00	661.79	146
440	2015-01-12 03:59:00	960.33	102
441	2015-09-28 06:12:00	564.91	105
442	2015-02-22 01:13:00	1.40	41
443	2016-04-14 09:07:00	135.88	38
444	2015-09-29 12:31:00	52.24	118
445	2015-02-25 11:21:00	49.24	192
446	2015-08-08 06:19:00	1.54	11
447	2015-12-19 16:19:00	761.64	35
448	2015-10-19 01:55:00	426.34	114
449	2016-08-24 22:32:00	50.59	168
450	2015-05-12 16:34:00	35.15	95
451	2016-03-03 22:15:00	1.77	166
452	2015-11-08 17:42:00	7.98	139
453	2015-08-27 08:06:00	360.80	157
454	2015-06-29 03:38:00	489.99	112
455	2016-07-09 17:10:00	21.37	200
456	2015-03-28 15:12:00	1.87	199
457	2015-12-18 00:18:00	21.42	161
458	2015-04-24 15:24:00	363.25	139
459	2015-02-16 15:58:00	377.57	120
460	2016-05-25 15:14:00	20.37	103
461	2015-03-17 08:49:00	64.27	74
462	2015-08-27 01:21:00	785.67	193
463	2016-01-30 20:54:00	70.73	145
464	2015-04-03 05:49:00	456.53	43
465	2015-01-29 22:11:00	464.35	110
466	2015-09-19 12:14:00	12.41	113
467	2016-03-02 13:16:00	237.54	44
468	2016-05-21 10:17:00	2.11	86
469	2015-11-04 16:13:00	4.89	148
470	2015-08-02 20:41:00	111.30	74
471	2015-10-02 10:57:00	115.84	45
472	2015-04-02 01:18:00	202.29	13
473	2015-04-07 20:05:00	79.45	157
474	2016-09-28 06:37:00	1.66	95
475	2016-07-31 00:21:00	335.21	160
476	2015-10-17 04:08:00	1.97	55
477	2015-06-29 15:03:00	1.80	171
478	2015-01-10 21:01:00	496.3	61
479	2015-04-08 18:07:00	450.19	159
480	2016-05-08 14:59:00	137.1	24
481	2015-03-13 17:31:00	8.70	161
482	2015-12-28 13:37:00	436.63	190
483	2016-01-10 15:24:00	463.71	31
484	2016-05-04 11:53:00	53.38	200
485	2015-04-30 22:15:00	597.29	65
486	2015-07-16 17:19:00	31.99	135
487	2015-05-13 14:05:00	101.57	174
488	2015-03-12 23:30:00	4.40	193
489	2016-07-13 07:26:00	20.17	152
490	2016-08-24 12:05:00	961.14	126
491	2015-10-29 18:12:00	12.16	18
492	2016-05-20 06:18:00	688.51	8
493	2016-06-28 02:32:00	2.25	150
494	2015-08-14 19:25:00	1.26	30
495	2015-02-12 18:58:00	150.5	171
496	2015-02-14 08:51:00	16.17	3
497	2016-01-15 04:22:00	14.64	190
498	2016-09-28 14:32:00	163.75	91
499	2016-04-16 03:37:00	43.46	35
500	2016-03-07 16:07:00	479.64	46
501	2016-03-09 05:39:00	218.21	120
502	2015-06-20 01:44:00	5.70	52
503	2015-08-12 16:10:00	7.43	164
504	2015-09-22 04:26:00	200.46	98
505	2016-06-13 12:41:00	308.42	128
506	2016-08-02 15:32:00	4.57	180
507	2016-08-06 08:01:00	3.27	18
508	2015-06-07 04:45:00	1.76	11
509	2016-06-14 10:21:00	10.20	24
510	2015-12-06 07:13:00	110.98	55
511	2015-07-31 20:23:00	65.24	99
512	2016-08-22 23:33:00	14.11	134
513	2015-12-25 12:33:00	446.66	82
514	2015-11-01 18:29:00	135.54	134
515	2016-06-18 18:30:00	280.77	157
516	2015-12-03 22:04:00	696.39	166
517	2015-04-06 17:16:00	1.99	115
518	2015-08-08 13:54:00	399.69	25
519	2015-01-12 13:02:00	1.25	65
520	2015-05-11 01:38:00	1.45	53
521	2015-08-06 11:41:00	6.56	179
522	2015-03-12 17:32:00	341.53	109
523	2016-03-24 23:07:00	946.84	78
524	2015-12-15 17:35:00	1.57	158
525	2015-07-01 05:37:00	50.45	5
526	2015-10-14 00:12:00	18.83	113
527	2016-05-20 01:30:00	1.90	111
528	2016-03-03 19:39:00	1.8	69
529	2015-07-25 04:29:00	82.59	66
530	2015-07-13 03:55:00	227.33	72
531	2015-08-18 12:02:00	149.78	39
532	2015-08-27 22:46:00	61.40	61
533	2016-02-13 13:43:00	1.39	94
534	2016-01-20 07:13:00	11.42	132
535	2016-02-09 07:53:00	62.23	102
536	2016-07-15 12:32:00	12.93	145
537	2016-08-11 11:38:00	901.85	90
538	2015-11-25 13:57:00	9.70	130
539	2015-01-23 00:43:00	555.30	14
540	2015-05-13 01:47:00	5.72	2
541	2015-11-16 07:22:00	33.77	46
542	2016-06-19 15:57:00	1.50	190
543	2016-07-06 09:33:00	118.75	99
544	2016-04-08 23:32:00	187.96	31
545	2015-12-07 08:47:00	249.62	22
546	2015-07-17 14:50:00	724.1	27
547	2016-06-15 16:36:00	3.68	88
548	2016-07-13 05:48:00	1.13	168
549	2015-03-24 21:49:00	228.30	18
550	2015-09-30 21:00:00	1.27	179
551	2015-06-12 21:08:00	42.46	40
552	2016-04-24 08:54:00	3.63	24
553	2016-04-17 04:28:00	691.26	191
554	2015-06-21 00:27:00	1.21	10
555	2015-05-16 04:37:00	509.57	195
556	2015-07-04 14:06:00	45.57	150
557	2015-10-23 06:24:00	212.97	38
558	2016-03-30 18:33:00	626.97	84
559	2015-10-28 01:57:00	10.99	69
560	2015-12-22 11:23:00	16.38	190
561	2015-07-20 19:27:00	765.96	191
562	2015-07-08 16:20:00	199.68	40
563	2015-03-18 02:58:00	51.15	55
564	2015-06-11 21:13:00	39.69	162
565	2015-05-23 04:00:00	189.25	154
566	2015-04-03 11:50:00	642.81	48
567	2016-05-29 01:32:00	472.78	158
568	2016-04-15 13:09:00	1.46	20
569	2016-09-20 22:08:00	27.51	61
570	2015-01-10 15:12:00	685.12	74
571	2016-07-27 14:30:00	9.61	36
572	2016-07-08 14:54:00	1.66	6
573	2016-06-23 16:32:00	352.19	193
574	2016-09-14 11:02:00	1.10	104
575	2015-08-29 18:56:00	29.19	142
576	2016-01-26 07:01:00	513.34	63
577	2015-12-03 10:30:00	80.49	10
578	2015-01-10 11:24:00	105.69	19
579	2015-06-15 09:16:00	227.9	114
580	2015-09-24 20:23:00	988.46	196
581	2016-07-30 08:15:00	1.19	39
582	2015-01-24 10:06:00	925.15	166
583	2015-03-23 21:41:00	381.65	124
584	2015-02-24 20:38:00	43.78	9
585	2015-03-13 02:39:00	27.23	48
586	2015-04-30 05:11:00	13.98	89
587	2015-12-18 23:46:00	49.39	167
588	2016-09-08 06:44:00	775.11	7
589	2015-01-12 12:40:00	594.81	36
590	2015-12-20 23:45:00	110.77	31
591	2016-06-03 20:09:00	25.75	41
592	2016-09-01 04:24:00	110.74	65
593	2016-07-08 09:10:00	841.76	168
594	2015-07-26 21:46:00	120.89	92
595	2015-07-20 01:57:00	1.21	118
596	2015-12-23 01:31:00	15.33	198
597	2015-08-14 01:43:00	24.42	183
598	2016-05-01 15:52:00	67.25	187
599	2015-07-24 00:18:00	28.5	123
600	2016-08-22 06:03:00	805.88	56
\.

-- restart sequences

-- analyze modified tables
ANALYZE customers;
ANALYZE products;
ANALYZE orders;
ANALYZE details;
ANALYZE invoices;
ANALYZE payments;
