
-- data generated by /afs/inf.ed.ac.uk/user/p/pguaglia/bin/datafiller version 2.0.0 (r792 on 2014-03-23) for postgresql

-- drop tables
DROP TABLE IF EXISTS payments;
DROP TABLE IF EXISTS invoices;
DROP TABLE IF EXISTS details;
DROP TABLE IF EXISTS orders;
DROP TABLE IF EXISTS products;
DROP TABLE IF EXISTS customers;

-- INPUT FILE BEGIN
-- df: null=0

CREATE TABLE Customers (  -- df: mult=1
    custid   INTEGER PRIMARY KEY,
    cname    VARCHAR(14), -- df: word=names.txt sub=power rate=0.016
    country  CHAR(3)      -- df: word=:GBR,USA,ITA,CHN,JPN
);

-- df price1: int size=999 sub=power alpha=4
-- df price2: int size=99
-- df dot:    const='.'
-- df price:  cat=price1,dot,price2
CREATE TABLE Products (   -- df: size=1000
    pcode    INTEGER PRIMARY KEY,
    pname    VARCHAR(10),
    pdesc    VARCHAR(20),
    price    NUMERIC(6,2) -- df: use=price
);

CREATE TABLE Orders (     -- df: mult=3
    ordid    INTEGER PRIMARY KEY,
    odate    DATE,        -- df: start=2015-01-01 end=2016-09-30
    ocust    INTEGER NOT NULL REFERENCES Customers -- df: null=0
);

CREATE TABLE Details (    -- df: mult=15
    ordid    INTEGER REFERENCES Orders,            -- df: null=0
    pcode    INTEGER REFERENCES Products,          -- df: null=0
    qty      SMALLINT,    -- df: int size=10 sub=power alpha=10
    PRIMARY KEY (ordid, pcode)
);

CREATE TABLE Invoices (    -- df: mult=2
    invid    INTEGER PRIMARY KEY,
    ordid    INTEGER NOT NULL UNIQUE REFERENCES Orders, -- df: null=0 mangle
    amount   NUMERIC(8,2), -- df: use=price
    issued   DATE,         -- df: start=2015-01-01 end=2016-09-30
    due      DATE          -- df: start=2015-01-01 end=2016-09-30
);

CREATE TABLE Payments (    -- df: mult=6
    payid    INTEGER PRIMARY KEY,
    tstamp   TIMESTAMP,    -- df: start='2015-01-01 00:00:00' end='2016-09-30 00:00:00'
    amount   NUMERIC(8,2), -- df: use=price
    invid    INTEGER NOT NULL REFERENCES Invoices
);
-- INPUT FILE END

-- fill table customers (100)
\echo # filling table customers (100)
COPY customers (custid,cname,country) FROM STDIN (ENCODING 'UTF-8');
1	Evelia	USA
2	Santiago	USA
3	Jeanna	JPN
4	Calvin	GBR
5	Cody	GBR
6	Bebe	GBR
7	Mozell	ITA
8	Daniel	ITA
9	Hannah	USA
10	Maida	JPN
11	Nevada	USA
12	Blake	ITA
13	Walter	GBR
14	Luella	JPN
15	Epifania	ITA
16	Gary	USA
17	Ardith	JPN
18	Nydia	GBR
19	Denis	ITA
20	Sylvester	JPN
21	Bibi	ITA
22	Mallie	CHN
23	Eddie	ITA
24	Winter	JPN
25	Wilton	USA
26	Lovie	JPN
27	Myrtie	ITA
28	Farrah	CHN
29	Heidi	CHN
30	Adriana	GBR
31	David	ITA
32	Donna	USA
33	Harland	GBR
34	Claribel	ITA
35	Mitzi	JPN
36	Tuan	USA
37	Chance	GBR
38	Terrell	USA
39	Ezequiel	CHN
40	Chad	CHN
41	Lona	USA
42	Rafael	JPN
43	Audra	JPN
44	William	CHN
45	Ralph	ITA
46	Mattie	CHN
47	Tonette	USA
48	Jeanie	CHN
49	Alvin	JPN
50	Willard	ITA
51	Alicia	JPN
52	Gillian	GBR
53	Jackson	CHN
54	Daniella	GBR
55	Rachal	JPN
56	Vernia	CHN
57	Hope	GBR
58	Lennie	USA
59	Jessica	USA
60	Lucas	CHN
61	Terry	JPN
62	Irvin	USA
63	Lang	GBR
64	Stepanie	USA
65	James	JPN
66	Felisha	USA
67	Christina	ITA
68	Daniel	CHN
69	Mariette	ITA
70	Cicely	ITA
71	Nereida	GBR
72	Jessica	ITA
73	Faith	GBR
74	Brenda	ITA
75	Jolene	USA
76	Ernie	JPN
77	Tammy	GBR
78	Kristopher	GBR
79	Modesto	JPN
80	Rachel	USA
81	Johnathan	CHN
82	Coralie	CHN
83	Tonie	ITA
84	Jayme	GBR
85	Irvin	USA
86	Floretta	USA
87	Lauren	GBR
88	Judie	USA
89	Jan	USA
90	Cecila	GBR
91	Leroy	ITA
92	Rocky	USA
93	Tommy	GBR
94	Linda	GBR
95	Amie	GBR
96	Danny	USA
97	Randy	USA
98	Wendy	ITA
99	Donald	ITA
100	Dianne	JPN
\.

-- fill table products (1000)
\echo # filling table products (1000)
COPY products (pcode,pname,pdesc,price) FROM STDIN (ENCODING 'UTF-8');
1	pname_65	pdesc_350_350_350	355.47
2	pname_249_	pdesc_353_353_353_35	110.31
3	pname_4	pdesc_506_506_5	112.92
4	pname_630	pdesc_898_898_8	4.68
5	pname_877_	pdesc_321_321_321_32	1.5
6	pname_6	pdesc_138_138_138	392.61
7	pname_326_	pdesc_906_906_906_9	902.80
8	pname_9	pdesc_192_192_192	680.47
9	pname_29_2	pdesc_1000_1000_	14.14
10	pname_417_	pdesc_826_826_826_8	1.26
11	pname_91	pdesc_347_347_347_	433.76
12	pname_67	pdesc_167_167_167_16	32.90
13	pname_540_	pdesc_981_981_981_98	1.45
14	pname_762_	pdesc_854_854_854_8	757.54
15	pname_63_6	pdesc_409_409_409_40	376.27
16	pname_51	pdesc_341_341_341_	44.42
17	pname_6	pdesc_125_125_125_	684.44
18	pname_508_	pdesc_980_980_980	14.4
19	pname_204	pdesc_56_56_56_56_56	68.40
20	pname_8	pdesc_516_516_516	442.98
21	pname_137	pdesc_42_42_42_42	559.86
22	pname_208	pdesc_454_454_4	6.36
23	pname_93	pdesc_828_828_828_8	590.46
24	pname_745	pdesc_813_813_813_81	839.40
25	pname_661_	pdesc_294_294_2	76.9
26	pname_2	pdesc_844_844_844	1.34
27	pname_3	pdesc_67_67_67_67	819.89
28	pname_339	pdesc_163_163_163_16	587.71
29	pname_668	pdesc_614_614_6	517.61
30	pname_92	pdesc_249_249_249_24	3.49
31	pname_58	pdesc_394_394_394_3	152.12
32	pname_69	pdesc_11_11_11_1	4.76
33	pname_578_	pdesc_377_377_377_	10.31
34	pname_5	pdesc_31_31_31_31_31	1.60
35	pname_99	pdesc_691_691_69	39.48
36	pname_6	pdesc_387_387_387_38	31.84
37	pname_5	pdesc_823_823_82	22.35
38	pname_90_	pdesc_318_318_3	1.46
39	pname_64_6	pdesc_318_318_3	4.14
40	pname_7	pdesc_284_284_284_2	587.50
41	pname_13	pdesc_544_544_544	68.48
42	pname_3	pdesc_842_842_842	284.91
43	pname_907	pdesc_193_193_193_19	5.36
44	pname_698	pdesc_694_694_694_6	304.20
45	pname_437_	pdesc_392_392_392_3	23.34
46	pname_3	pdesc_328_328_328	4.69
47	pname_5	pdesc_240_240_240	604.47
48	pname_264	pdesc_719_719_71	520.5
49	pname_42	pdesc_335_335_33	8.57
50	pname_57	pdesc_740_740_740_7	81.9
51	pname_402	pdesc_424_424_4	491.85
52	pname_938_	pdesc_409_409_409_40	911.35
53	pname_729	pdesc_177_177_17	54.75
54	pname_77	pdesc_716_716_716_7	12.25
55	pname_64_6	pdesc_331_331_33	224.66
56	pname_3	pdesc_624_624_624	120.3
57	pname_472	pdesc_658_658_658	242.54
58	pname_62	pdesc_705_705_705_70	41.58
59	pname_329	pdesc_526_526_526_5	71.39
60	pname_2	pdesc_442_442_442_4	59.55
61	pname_90	pdesc_673_673_673_	57.10
62	pname_7	pdesc_967_967_96	29.23
63	pname_5	pdesc_669_669_66	308.54
64	pname_361	pdesc_117_117_11	37.30
65	pname_92_	pdesc_397_397_39	144.96
66	pname_739	pdesc_969_969_96	851.63
67	pname_799	pdesc_888_888_888_8	10.27
68	pname_775	pdesc_870_870_870	1.47
69	pname_29	pdesc_580_580_580_5	317.80
70	pname_7	pdesc_486_486_4	200.17
71	pname_3	pdesc_363_363_36	454.77
72	pname_137	pdesc_239_239_239_	1.17
73	pname_349	pdesc_180_180_1	175.45
74	pname_7	pdesc_591_591_591_	473.5
75	pname_6	pdesc_603_603_60	557.26
76	pname_483_	pdesc_520_520_520_5	97.29
77	pname_7	pdesc_138_138_138	252.41
78	pname_4	pdesc_521_521_52	298.7
79	pname_836	pdesc_634_634_634_6	2.17
80	pname_8	pdesc_2_2_2_2_2_2_2	1.61
81	pname_231_	pdesc_394_394_394_3	1.25
82	pname_540_	pdesc_846_846_846	11.98
83	pname_8	pdesc_538_538_5	1.81
84	pname_9	pdesc_757_757_757_	152.25
85	pname_548_	pdesc_441_441_44	906.76
86	pname_8	pdesc_173_173_17	150.93
87	pname_1	pdesc_105_105_105_10	193.29
88	pname_527	pdesc_746_746_746_7	71.35
89	pname_882	pdesc_324_324_324	1.79
90	pname_5	pdesc_944_944_9	200.83
91	pname_9	pdesc_920_920_920	10.34
92	pname_1	pdesc_405_405_405_40	75.15
93	pname_184_	pdesc_135_135_135_13	894.30
94	pname_362_	pdesc_841_841_841_84	39.89
95	pname_10	pdesc_608_608_608_6	7.51
96	pname_30	pdesc_815_815_815_81	1.32
97	pname_78	pdesc_138_138_138	2.28
98	pname_11	pdesc_684_684_684	96.78
99	pname_86	pdesc_237_237_237_	919.71
100	pname_49	pdesc_398_398_398_3	443.16
101	pname_82	pdesc_749_749_74	203.82
102	pname_47	pdesc_278_278_278	884.23
103	pname_133	pdesc_754_754_7	912.83
104	pname_2	pdesc_143_143_14	902.45
105	pname_827_	pdesc_549_549_549_54	274.22
106	pname_89	pdesc_362_362_362_3	445.83
107	pname_9	pdesc_461_461_461_46	123.13
108	pname_302_	pdesc_426_426_4	1.50
109	pname_9	pdesc_797_797_797_79	88.11
110	pname_42	pdesc_383_383_383_38	550.77
111	pname_174_	pdesc_59_59_59_59_59	5.40
112	pname_3	pdesc_883_883_88	496.96
113	pname_294	pdesc_795_795_795_79	812.42
114	pname_61	pdesc_269_269_269_	927.86
115	pname_124_	pdesc_604_604_604_6	44.83
116	pname_567	pdesc_951_951_951_95	540.20
117	pname_50	pdesc_569_569_569_	2.87
118	pname_214	pdesc_12_12_12_12_12	109.62
119	pname_749	pdesc_572_572_572	54.39
120	pname_61_6	pdesc_285_285_28	675.40
121	pname_466	pdesc_274_274_274	8.97
122	pname_9	pdesc_334_334_334_3	182.67
123	pname_953	pdesc_253_253_25	478.61
124	pname_729	pdesc_750_750_7	27.45
125	pname_164_	pdesc_817_817_817_81	956.89
126	pname_7	pdesc_85_85_85_85_8	336.28
127	pname_113	pdesc_563_563_563_	899.21
128	pname_302_	pdesc_221_221_22	6.20
129	pname_4	pdesc_78_78_78_78_78	307.3
130	pname_319	pdesc_230_230_2	98.28
131	pname_113	pdesc_360_360_360_3	42.76
132	pname_88	pdesc_708_708_708	109.31
133	pname_69	pdesc_693_693_69	675.58
134	pname_7	pdesc_454_454_4	5.32
135	pname_94	pdesc_982_982_982	22.16
136	pname_9	pdesc_659_659_659_65	1.17
137	pname_4	pdesc_438_438_438	53.70
138	pname_289_	pdesc_703_703_703_70	62.73
139	pname_80	pdesc_851_851_85	1.80
140	pname_30	pdesc_679_679_679_	570.38
141	pname_4	pdesc_459_459_459_	937.97
142	pname_302_	pdesc_552_552_552_5	1.65
143	pname_958_	pdesc_167_167_167_16	21.85
144	pname_168_	pdesc_990_990_990_9	482.11
145	pname_80	pdesc_305_305_30	705.59
146	pname_8	pdesc_725_725_725_	1.25
147	pname_50	pdesc_410_410_410_4	166.26
148	pname_8	pdesc_559_559_55	5.87
149	pname_679_	pdesc_371_371_371_	665.7
150	pname_80	pdesc_921_921_921_92	71.16
151	pname_329	pdesc_448_448_448_4	52.86
152	pname_725	pdesc_197_197_197_19	79.69
153	pname_32	pdesc_984_984_984	106.33
154	pname_215_	pdesc_703_703_703_70	15.32
155	pname_248	pdesc_480_480_4	147.2
156	pname_694	pdesc_311_311_311_	2.41
157	pname_701	pdesc_548_548_548	20.65
158	pname_24	pdesc_772_772_772_7	136.64
159	pname_5	pdesc_184_184_1	1.56
160	pname_239_	pdesc_308_308_308_3	199.47
161	pname_133	pdesc_774_774_774_7	335.68
162	pname_689_	pdesc_482_482_4	510.84
163	pname_362_	pdesc_402_402_402	3.94
164	pname_614	pdesc_96_96_96_9	1.33
165	pname_635_	pdesc_2_2_2_2_2_2_2	77.7
166	pname_534_	pdesc_956_956_956	237.39
167	pname_442	pdesc_753_753_753_	106.96
168	pname_98_	pdesc_9_9_9_9_9_9_9_	7.66
169	pname_359	pdesc_570_570_570	202.57
170	pname_70	pdesc_522_522_522_5	796.75
171	pname_134_	pdesc_143_143_14	4.76
172	pname_244	pdesc_115_115_11	660.12
173	pname_900_	pdesc_812_812_812	214.14
174	pname_99	pdesc_689_689_689_68	1.48
175	pname_82	pdesc_532_532_5	39.69
176	pname_3	pdesc_686_686_686	450.58
177	pname_6	pdesc_43_43_43_	687.87
178	pname_567	pdesc_184_184_1	50.93
179	pname_48	pdesc_176_176_176_1	502.70
180	pname_930_	pdesc_903_903_90	553.90
181	pname_1	pdesc_995_995_99	455.94
182	pname_290	pdesc_927_927_927_92	81.87
183	pname_97	pdesc_589_589_58	222.48
184	pname_8	pdesc_420_420_4	134.82
185	pname_27	pdesc_737_737_737_73	1.82
186	pname_45	pdesc_762_762_762	63.36
187	pname_21	pdesc_326_326_326	64.44
188	pname_85	pdesc_253_253_25	1.15
189	pname_3	pdesc_905_905_90	811.8
190	pname_322_	pdesc_22_22_22_22_2	26.18
191	pname_1	pdesc_800_800_8	1.84
192	pname_42	pdesc_599_599_599_	75.87
193	pname_9	pdesc_142_142_142_1	378.11
194	pname_564_	pdesc_424_424_4	162.82
195	pname_2	pdesc_45_45_45_45	2.77
196	pname_234	pdesc_461_461_461_46	857.23
197	pname_70	pdesc_405_405_405_40	863.70
198	pname_904_	pdesc_515_515_515_51	63.94
199	pname_950_	pdesc_811_811_811_81	2.55
200	pname_970_	pdesc_94_94_94_94_94	20.94
201	pname_19_	pdesc_181_181_181_	7.87
202	pname_836	pdesc_148_148_148_1	699.42
203	pname_46	pdesc_385_385_385_38	13.21
204	pname_270	pdesc_722_722_7	523.88
205	pname_361	pdesc_151_151_151_	99.94
206	pname_6	pdesc_708_708_708	126.30
207	pname_39	pdesc_390_390_390_3	499.68
208	pname_5	pdesc_756_756_7	889.79
209	pname_153	pdesc_780_780_7	2.46
210	pname_87	pdesc_301_301_30	5.4
211	pname_588_	pdesc_100_100_100	15.21
212	pname_892	pdesc_136_136_136	1.85
213	pname_832	pdesc_469_469_469_46	79.75
214	pname_346_	pdesc_179_179_17	336.45
215	pname_85	pdesc_19_19_19_19_	1.71
216	pname_993	pdesc_566_566_5	76.98
217	pname_103	pdesc_98_98_98_98_	1.6
218	pname_560_	pdesc_998_998_998_9	291.44
219	pname_980_	pdesc_759_759_759_	92.33
220	pname_953	pdesc_433_433_433_43	3.27
221	pname_4	pdesc_43_43_43_	24.45
222	pname_729	pdesc_704_704_704	115.63
223	pname_6	pdesc_257_257_25	383.41
224	pname_2	pdesc_912_912_9	32.56
225	pname_896	pdesc_671_671_671_	1.92
226	pname_51_	pdesc_642_642_6	1.22
227	pname_1	pdesc_864_864_8	2.28
228	pname_983	pdesc_240_240_240	710.88
229	pname_641_	pdesc_155_155_155_	2.48
230	pname_379	pdesc_507_507_507_	128.87
231	pname_9	pdesc_33_33_33_3	16.3
232	pname_81	pdesc_816_816_816	1.15
233	pname_837_	pdesc_905_905_90	33.94
234	pname_660	pdesc_839_839_839_	28.73
235	pname_23	pdesc_828_828_828_8	888.31
236	pname_610	pdesc_157_157_157_	422.58
237	pname_46	pdesc_802_802_8	350.82
238	pname_857_	pdesc_241_241_241_24	490.73
239	pname_5	pdesc_382_382_382	136.9
240	pname_9	pdesc_251_251_25	54.29
241	pname_81	pdesc_982_982_982	285.27
242	pname_9	pdesc_668_668_668_6	273.58
243	pname_4	pdesc_951_951_951_95	1.83
244	pname_759	pdesc_694_694_694_6	14.49
245	pname_95	pdesc_404_404_404	1.77
246	pname_311	pdesc_333_333_33	22.35
247	pname_4	pdesc_428_428_4	140.8
248	pname_476	pdesc_997_997_99	3.12
249	pname_5	pdesc_677_677_677_	4.8
250	pname_7	pdesc_429_429_429_	1.71
251	pname_11	pdesc_447_447_44	1.71
252	pname_3	pdesc_782_782_7	11.80
253	pname_2	pdesc_313_313_313_	193.94
254	pname_5	pdesc_696_696_696_6	24.19
255	pname_35	pdesc_760_760_760	1.76
256	pname_987	pdesc_925_925_925_92	35.91
257	pname_876	pdesc_376_376_3	1.17
258	pname_110_	pdesc_699_699_69	851.85
259	pname_5	pdesc_843_843_843_84	817.7
260	pname_715	pdesc_667_667_66	1.41
261	pname_658	pdesc_915_915_915_	1.9
262	pname_9	pdesc_556_556_556_5	1.23
263	pname_92	pdesc_221_221_22	32.93
264	pname_6	pdesc_952_952_952	245.75
265	pname_205_	pdesc_590_590_5	290.1
266	pname_413_	pdesc_302_302_302_3	516.93
267	pname_238	pdesc_45_45_45_45	1.38
268	pname_50	pdesc_229_229_22	1.24
269	pname_5	pdesc_342_342_3	79.59
270	pname_157	pdesc_753_753_753_	245.31
271	pname_1	pdesc_920_920_920	1.80
272	pname_5	pdesc_606_606_606_6	50.35
273	pname_7	pdesc_859_859_85	1.9
274	pname_16_	pdesc_489_489_489_	278.29
275	pname_392_	pdesc_188_188_1	810.3
276	pname_2	pdesc_505_505_505_	1.59
277	pname_71	pdesc_848_848_848	68.65
278	pname_7	pdesc_784_784_7	185.59
279	pname_60	pdesc_618_618_6	159.30
280	pname_83	pdesc_229_229_22	1.46
281	pname_5	pdesc_37_37_37_37_37	2.5
282	pname_5	pdesc_965_965_96	923.8
283	pname_795	pdesc_708_708_708	2.98
284	pname_1	pdesc_833_833_833_	428.66
285	pname_33	pdesc_123_123_123_	481.50
286	pname_508_	pdesc_693_693_69	120.85
287	pname_9	pdesc_645_645_645_	328.39
288	pname_3	pdesc_120_120_1	2.17
289	pname_91_	pdesc_469_469_469_46	87.89
290	pname_43	pdesc_954_954_954	12.73
291	pname_4	pdesc_372_372_3	721.82
292	pname_722_	pdesc_930_930_930_9	504.23
293	pname_923	pdesc_880_880_880_8	648.39
294	pname_615_	pdesc_281_281_28	2.20
295	pname_372_	pdesc_661_661_66	51.17
296	pname_280	pdesc_199_199_199_19	995.52
297	pname_7	pdesc_592_592_5	2.48
298	pname_194_	pdesc_543_543_543_54	531.51
299	pname_443_	pdesc_609_609_60	38.41
300	pname_688	pdesc_516_516_516	845.49
301	pname_9	pdesc_391_391_39	8.60
302	pname_177	pdesc_64_64_64_64	113.90
303	pname_62	pdesc_743_743_74	87.87
304	pname_10	pdesc_981_981_981_98	570.29
305	pname_60_6	pdesc_668_668_668_6	8.32
306	pname_9	pdesc_107_107_107_10	250.6
307	pname_3	pdesc_218_218_218	744.59
308	pname_944_	pdesc_43_43_43_	148.33
309	pname_72	pdesc_433_433_433_43	377.15
310	pname_371	pdesc_526_526_526_5	2.57
311	pname_80	pdesc_1_1_1_1_1_1_	266.61
312	pname_3	pdesc_253_253_25	29.56
313	pname_604	pdesc_740_740_740_7	1.8
314	pname_110_	pdesc_708_708_708	1.75
315	pname_21	pdesc_459_459_459_	1.51
316	pname_83	pdesc_915_915_915_	244.69
317	pname_208	pdesc_740_740_740_7	802.41
318	pname_352_	pdesc_429_429_429_	85.88
319	pname_70	pdesc_680_680_680	176.8
320	pname_27	pdesc_76_76_76_76_	6.27
321	pname_312_	pdesc_17_17_17_1	1.62
322	pname_930_	pdesc_925_925_925_92	14.5
323	pname_44	pdesc_170_170_170_1	813.22
324	pname_5	pdesc_680_680_680	168.20
325	pname_91	pdesc_503_503_503_	479.46
326	pname_68_6	pdesc_678_678_6	866.57
327	pname_843_	pdesc_815_815_815_81	1.3
328	pname_842	pdesc_643_643_643_	700.16
329	pname_3	pdesc_774_774_774_7	284.50
330	pname_77	pdesc_204_204_2	489.22
331	pname_3	pdesc_433_433_433_43	123.87
332	pname_3	pdesc_84_84_84_	3.33
333	pname_3	pdesc_383_383_383_38	1.34
334	pname_5	pdesc_787_787_787_	9.65
335	pname_188_	pdesc_64_64_64_64	1.92
336	pname_83	pdesc_404_404_404	15.77
337	pname_43	pdesc_383_383_383_38	462.12
338	pname_103	pdesc_834_834_8	20.86
339	pname_779	pdesc_211_211_211_21	215.6
340	pname_89	pdesc_696_696_696_6	467.57
341	pname_610	pdesc_591_591_591_	13.31
342	pname_22	pdesc_231_231_231_	79.67
343	pname_19	pdesc_997_997_99	338.38
344	pname_7	pdesc_924_924_924	405.21
345	pname_173	pdesc_632_632_632_6	1.11
346	pname_628	pdesc_157_157_157_	5.64
347	pname_133	pdesc_137_137_137_13	10.3
348	pname_4	pdesc_875_875_875_87	10.26
349	pname_281_	pdesc_92_92_92_92_	1.82
350	pname_9	pdesc_860_860_8	41.29
351	pname_84	pdesc_299_299_299_	1.97
352	pname_76	pdesc_126_126_1	281.62
353	pname_90_	pdesc_591_591_591_	1.64
354	pname_558_	pdesc_878_878_878	1.22
355	pname_18	pdesc_274_274_274	391.43
356	pname_8	pdesc_880_880_880_8	6.38
357	pname_1	pdesc_142_142_142_1	783.9
358	pname_8	pdesc_310_310_3	172.53
359	pname_725	pdesc_488_488_4	1.43
360	pname_675_	pdesc_551_551_55	2.17
361	pname_540_	pdesc_574_574_574	160.45
362	pname_544_	pdesc_523_523_52	23.68
363	pname_81	pdesc_856_856_856_8	310.76
364	pname_689_	pdesc_871_871_871_87	89.82
365	pname_3	pdesc_704_704_704	1.81
366	pname_88	pdesc_70_70_70_70_	31.11
367	pname_675_	pdesc_572_572_572	773.70
368	pname_224	pdesc_182_182_1	61.37
369	pname_51	pdesc_513_513_513_51	3.83
370	pname_65	pdesc_775_775_77	64.62
371	pname_14_	pdesc_422_422_4	1.18
372	pname_655_	pdesc_509_509_509_	694.12
373	pname_4	pdesc_815_815_815_81	454.35
374	pname_81	pdesc_245_245_245_24	21.51
375	pname_28_2	pdesc_867_867_867_	810.92
376	pname_769	pdesc_504_504_5	176.78
377	pname_910_	pdesc_30_30_30_3	519.14
378	pname_56_	pdesc_941_941_941_	96.10
379	pname_13	pdesc_950_950_950	611.3
380	pname_13_	pdesc_722_722_7	35.80
381	pname_229_	pdesc_138_138_138	163.29
382	pname_5	pdesc_599_599_599_	155.94
383	pname_80	pdesc_477_477_47	1.59
384	pname_359	pdesc_317_317_317_	7.74
385	pname_619_	pdesc_58_58_58_5	851.4
386	pname_25_2	pdesc_676_676_6	1.49
387	pname_95	pdesc_967_967_96	394.78
388	pname_510_	pdesc_728_728_7	40.77
389	pname_45	pdesc_865_865_865_	1.34
390	pname_803_	pdesc_477_477_47	378.41
391	pname_6	pdesc_354_354_354	105.42
392	pname_5	pdesc_19_19_19_19_	596.56
393	pname_290	pdesc_901_901_90	701.89
394	pname_527	pdesc_59_59_59_59_59	1.11
395	pname_6	pdesc_679_679_679_	1.63
396	pname_221_	pdesc_389_389_389_38	132.37
397	pname_3	pdesc_129_129_129_	61.66
398	pname_3	pdesc_346_346_3	237.25
399	pname_2	pdesc_609_609_60	1.16
400	pname_776_	pdesc_506_506_5	1.32
401	pname_7	pdesc_100_100_100	1.17
402	pname_9	pdesc_905_905_90	745.73
403	pname_326_	pdesc_303_303_30	25.99
404	pname_356_	pdesc_412_412_412_4	8.54
405	pname_39	pdesc_207_207_207_	850.45
406	pname_7	pdesc_543_543_543_54	379.79
407	pname_843_	pdesc_11_11_11_1	595.70
408	pname_649_	pdesc_451_451_451_	171.10
409	pname_71	pdesc_936_936_936_9	48.20
410	pname_47	pdesc_401_401_401_40	30.58
411	pname_46	pdesc_827_827_82	1.39
412	pname_120_	pdesc_8_8_8_8_8_8_8	31.63
413	pname_950_	pdesc_491_491_491_49	836.90
414	pname_33	pdesc_534_534_5	844.41
415	pname_3	pdesc_887_887_88	19.98
416	pname_289_	pdesc_139_139_139_13	558.84
417	pname_3	pdesc_89_89_89_89	1.17
418	pname_2	pdesc_806_806_8	235.53
419	pname_4	pdesc_748_748_748_7	4.12
420	pname_80	pdesc_764_764_764	300.69
421	pname_8	pdesc_533_533_533_	174.60
422	pname_927	pdesc_329_329_329_32	66.53
423	pname_3	pdesc_818_818_818	8.17
424	pname_1	pdesc_545_545_545_54	1.59
425	pname_17_	pdesc_843_843_843_84	17.32
426	pname_211_	pdesc_714_714_714_7	6.37
427	pname_57	pdesc_508_508_5	23.84
428	pname_319	pdesc_450_450_4	31.23
429	pname_9	pdesc_356_356_356	6.47
430	pname_587	pdesc_759_759_759_	14.65
431	pname_88	pdesc_68_68_68_	1.2
432	pname_514_	pdesc_747_747_74	19.97
433	pname_83	pdesc_422_422_4	2.67
434	pname_1	pdesc_704_704_704	199.80
435	pname_655_	pdesc_391_391_39	8.40
436	pname_51	pdesc_462_462_462	4.26
437	pname_950_	pdesc_575_575_575_57	285.16
438	pname_7	pdesc_809_809_809_	10.57
439	pname_715	pdesc_865_865_865_	717.20
440	pname_651_	pdesc_274_274_274	1.96
441	pname_6	pdesc_620_620_620	14.7
442	pname_3	pdesc_917_917_917_	34.34
443	pname_44	pdesc_581_581_58	141.44
444	pname_598_	pdesc_844_844_844	1.73
445	pname_59_	pdesc_911_911_911_	766.9
446	pname_74	pdesc_243_243_243_24	768.83
447	pname_30	pdesc_233_233_233_	1.34
448	pname_5	pdesc_629_629_629_62	14.80
449	pname_10_	pdesc_772_772_772_7	36.90
450	pname_711	pdesc_86_86_86_86	577.87
451	pname_48	pdesc_364_364_364_3	339.68
452	pname_9	pdesc_1_1_1_1_1_1_	221.33
453	pname_58	pdesc_921_921_921_92	2.89
454	pname_4	pdesc_774_774_774_7	375.25
455	pname_452	pdesc_340_340_3	1.65
456	pname_3	pdesc_786_786_7	14.38
457	pname_726_	pdesc_424_424_4	557.97
458	pname_46	pdesc_305_305_30	15.79
459	pname_407_	pdesc_389_389_389_38	1.49
460	pname_601_	pdesc_652_652_652	729.93
461	pname_3	pdesc_744_744_744_7	6.34
462	pname_36	pdesc_502_502_5	36.22
463	pname_66	pdesc_356_356_356	1.74
464	pname_90	pdesc_761_761_761_76	220.76
465	pname_709	pdesc_8_8_8_8_8_8_8	221.54
466	pname_352_	pdesc_144_144_144_1	959.6
467	pname_34	pdesc_338_338_338_3	358.39
468	pname_998_	pdesc_449_449_44	996.82
469	pname_8	pdesc_235_235_235_	108.83
470	pname_30	pdesc_285_285_28	95.9
471	pname_846	pdesc_838_838_8	4.19
472	pname_285_	pdesc_859_859_85	1.51
473	pname_65	pdesc_895_895_895_	9.67
474	pname_211_	pdesc_644_644_6	6.78
475	pname_8	pdesc_525_525_52	1.1
476	pname_1	pdesc_766_766_766	1.54
477	pname_765	pdesc_501_501_501_	1.54
478	pname_59_	pdesc_535_535_535_	200.34
479	pname_23	pdesc_23_23_23_23	497.42
480	pname_79	pdesc_982_982_982	1.27
481	pname_601_	pdesc_557_557_55	89.64
482	pname_239_	pdesc_896_896_8	15.93
483	pname_463_	pdesc_15_15_15_15_15	204.9
484	pname_5	pdesc_125_125_125_	2.29
485	pname_554_	pdesc_430_430_430	14.14
486	pname_7	pdesc_766_766_766	6.21
487	pname_963	pdesc_855_855_85	72.77
488	pname_416	pdesc_573_573_573_57	140.9
489	pname_876	pdesc_910_910_9	1.25
490	pname_4	pdesc_913_913_913_	255.38
491	pname_92	pdesc_530_530_5	1.42
492	pname_332_	pdesc_456_456_4	113.67
493	pname_699_	pdesc_156_156_1	135.27
494	pname_26	pdesc_648_648_6	361.51
495	pname_3	pdesc_675_675_675_	905.12
496	pname_86	pdesc_282_282_282_2	1.70
497	pname_79	pdesc_129_129_129_	18.63
498	pname_5	pdesc_315_315_315_	7.51
499	pname_984_	pdesc_754_754_7	81.64
500	pname_5	pdesc_363_363_36	118.90
501	pname_593	pdesc_138_138_138	284.11
502	pname_472	pdesc_295_295_295_	1.6
503	pname_3	pdesc_735_735_735_73	20.22
504	pname_32	pdesc_269_269_269_	198.61
505	pname_1	pdesc_319_319_319_	508.16
506	pname_578_	pdesc_656_656_656	15.93
507	pname_74	pdesc_273_273_273_27	743.30
508	pname_5	pdesc_515_515_515_51	12.44
509	pname_684	pdesc_942_942_9	1.26
510	pname_5	pdesc_879_879_879_87	280.65
511	pname_9	pdesc_523_523_52	403.43
512	pname_1	pdesc_336_336_336_3	57.39
513	pname_82	pdesc_435_435_435_43	10.32
514	pname_8	pdesc_911_911_911_	620.4
515	pname_910_	pdesc_105_105_105_10	178.39
516	pname_4	pdesc_577_577_577_57	6.14
517	pname_22	pdesc_654_654_654	258.20
518	pname_645_	pdesc_883_883_88	272.26
519	pname_8	pdesc_549_549_549_54	583.34
520	pname_432	pdesc_398_398_398_3	41.97
521	pname_8	pdesc_331_331_33	154.41
522	pname_69	pdesc_62_62_62_	835.37
523	pname_40	pdesc_761_761_761_76	21.20
524	pname_209_	pdesc_419_419_41	152.75
525	pname_4	pdesc_417_417_41	217.28
526	pname_53	pdesc_332_332_332_3	162.1
527	pname_75	pdesc_35_35_35_35_	19.72
528	pname_5	pdesc_48_48_48_48	721.26
529	pname_5	pdesc_669_669_66	98.49
530	pname_48	pdesc_945_945_945_	20.87
531	pname_42	pdesc_731_731_731_73	435.62
532	pname_856	pdesc_847_847_847_84	74.43
533	pname_634	pdesc_418_418_418_4	188.50
534	pname_927	pdesc_289_289_28	142.37
535	pname_48	pdesc_556_556_556_5	173.54
536	pname_407_	pdesc_491_491_491_49	1.64
537	pname_76	pdesc_315_315_315_	1.84
538	pname_24	pdesc_105_105_105_10	277.78
539	pname_994_	pdesc_408_408_408	1.90
540	pname_32	pdesc_572_572_572	844.89
541	pname_386_	pdesc_141_141_14	1.11
542	pname_9	pdesc_376_376_3	1.46
543	pname_8	pdesc_436_436_436	204.54
544	pname_58	pdesc_577_577_577_57	3.68
545	pname_6	pdesc_134_134_134	100.94
546	pname_188_	pdesc_991_991_99	638.82
547	pname_762_	pdesc_513_513_513_51	93.64
548	pname_21_2	pdesc_410_410_410_4	10.83
549	pname_117	pdesc_61_61_61_61	711.50
550	pname_47	pdesc_102_102_102	1.99
551	pname_600	pdesc_198_198_198	1.96
552	pname_417_	pdesc_145_145_14	1.30
553	pname_446	pdesc_935_935_93	888.25
554	pname_776_	pdesc_324_324_324	1.89
555	pname_39	pdesc_124_124_1	46.53
556	pname_578_	pdesc_751_751_751_	1.5
557	pname_298	pdesc_210_210_210	2.4
558	pname_29	pdesc_217_217_217_21	6.34
559	pname_2	pdesc_316_316_3	701.2
560	pname_95	pdesc_763_763_763_76	1.89
561	pname_690	pdesc_759_759_759_	643.11
562	pname_5	pdesc_947_947_947_	39.89
563	pname_826	pdesc_268_268_2	302.52
564	pname_74	pdesc_477_477_47	13.69
565	pname_520_	pdesc_237_237_237_	2.33
566	pname_229_	pdesc_444_444_444_4	1.74
567	pname_170_	pdesc_879_879_879_87	10.90
568	pname_43	pdesc_6_6_6_6_6_6	282.65
569	pname_2	pdesc_376_376_3	410.97
570	pname_219_	pdesc_979_979_979_	494.63
571	pname_395	pdesc_56_56_56_56_56	2.21
572	pname_29	pdesc_391_391_39	200.2
573	pname_316_	pdesc_820_820_820_8	70.90
574	pname_10	pdesc_463_463_463_46	571.10
575	pname_9	pdesc_962_962_962_9	24.45
576	pname_537	pdesc_52_52_52_5	144.48
577	pname_3	pdesc_555_555_55	2.10
578	pname_786_	pdesc_27_27_27_	51.64
579	pname_200	pdesc_67_67_67_67	153.88
580	pname_294	pdesc_915_915_915_	131.99
581	pname_3	pdesc_391_391_39	189.1
582	pname_9	pdesc_986_986_986	316.46
583	pname_4	pdesc_684_684_684	9.40
584	pname_7	pdesc_384_384_384	11.41
585	pname_406	pdesc_498_498_498	83.11
586	pname_82	pdesc_185_185_185_	1.52
587	pname_2	pdesc_705_705_705_70	1.88
588	pname_309	pdesc_789_789_789_	19.81
589	pname_8	pdesc_368_368_368_3	671.76
590	pname_48	pdesc_98_98_98_98_	799.89
591	pname_503	pdesc_233_233_233_	482.8
592	pname_413_	pdesc_67_67_67_67	499.76
593	pname_89	pdesc_672_672_6	2.64
594	pname_524_	pdesc_494_494_494	69.30
595	pname_8	pdesc_785_785_785_	11.94
596	pname_436	pdesc_971_971_971_	4.22
597	pname_268	pdesc_824_824_824_8	86.91
598	pname_8	pdesc_266_266_2	448.25
599	pname_664	pdesc_357_357_357_35	119.36
600	pname_1	pdesc_10_10_10_10_	165.95
601	pname_57_	pdesc_625_625_625_62	6.94
602	pname_29	pdesc_99_99_99_9	52.43
603	pname_543	pdesc_520_520_520_5	28.17
604	pname_9	pdesc_447_447_44	4.90
605	pname_7	pdesc_162_162_162	1.47
606	pname_1	pdesc_210_210_210	274.37
607	pname_341	pdesc_449_449_44	1.65
608	pname_19	pdesc_220_220_220_2	50.82
609	pname_13_	pdesc_371_371_371_	206.70
610	pname_3	pdesc_531_531_531_	296.50
611	pname_5	pdesc_886_886_886_8	29.7
612	pname_9	pdesc_989_989_989_98	2.64
613	pname_177	pdesc_612_612_6	1.26
614	pname_553	pdesc_497_497_497_49	1.6
615	pname_3	pdesc_547_547_547_54	2.6
616	pname_70	pdesc_461_461_461_46	1.98
617	pname_22_2	pdesc_425_425_425_	682.6
618	pname_13_	pdesc_61_61_61_61	1.49
619	pname_254	pdesc_33_33_33_3	1.94
620	pname_3	pdesc_714_714_714_7	897.7
621	pname_7	pdesc_570_570_570	85.61
622	pname_42	pdesc_819_819_819_81	793.99
623	pname_781	pdesc_326_326_326	35.57
624	pname_376_	pdesc_296_296_2	1.92
625	pname_3	pdesc_930_930_930_9	833.25
626	pname_2	pdesc_792_792_792	709.43
627	pname_769	pdesc_647_647_647_	6.92
628	pname_5	pdesc_129_129_129_	37.33
629	pname_4	pdesc_922_922_922	127.37
630	pname_990_	pdesc_688_688_688	1.88
631	pname_13_	pdesc_473_473_47	168.43
632	pname_7	pdesc_771_771_77	682.95
633	pname_795	pdesc_964_964_964_9	97.96
634	pname_403_	pdesc_646_646_6	88.95
635	pname_241_	pdesc_118_118_118_1	1.3
636	pname_660	pdesc_848_848_848	1.66
637	pname_6	pdesc_752_752_7	99.88
638	pname_917	pdesc_722_722_7	624.48
639	pname_920_	pdesc_627_627_627_62	27.69
640	pname_28_2	pdesc_642_642_6	44.61
641	pname_34	pdesc_532_532_5	195.16
642	pname_17	pdesc_288_288_288_2	118.17
643	pname_10	pdesc_767_767_767_76	1.66
644	pname_1	pdesc_343_343_343_	585.67
645	pname_59	pdesc_961_961_96	9.22
646	pname_904_	pdesc_202_202_2	14.41
647	pname_33	pdesc_852_852_852_8	137.5
648	pname_4	pdesc_313_313_313_	1.22
649	pname_78	pdesc_298_298_2	327.63
650	pname_1	pdesc_180_180_1	349.30
651	pname_45	pdesc_439_439_439_43	1.49
652	pname_665_	pdesc_931_931_93	5.84
653	pname_92	pdesc_78_78_78_78_78	321.84
654	pname_9	pdesc_468_468_468	1.82
655	pname_90_	pdesc_181_181_181_	286.99
656	pname_412	pdesc_282_282_282_2	2.47
657	pname_9	pdesc_826_826_826_8	13.24
658	pname_544_	pdesc_420_420_4	1.66
659	pname_86	pdesc_881_881_88	17.60
660	pname_47	pdesc_557_557_55	816.35
661	pname_837_	pdesc_482_482_4	319.89
662	pname_64	pdesc_350_350_350	15.60
663	pname_6	pdesc_847_847_847_84	12.27
664	pname_715	pdesc_819_819_819_81	4.43
665	pname_80	pdesc_727_727_727_	938.42
666	pname_52	pdesc_673_673_673_	1.26
667	pname_29_2	pdesc_819_819_819_81	454.72
668	pname_24_2	pdesc_477_477_47	374.57
669	pname_6	pdesc_68_68_68_	716.64
670	pname_321	pdesc_86_86_86_86	4.87
671	pname_3	pdesc_820_820_820_8	488.66
672	pname_621_	pdesc_43_43_43_	43.88
673	pname_3	pdesc_423_423_423_	1.14
674	pname_9	pdesc_852_852_852_8	779.82
675	pname_24_2	pdesc_210_210_210	66.16
676	pname_5	pdesc_94_94_94_94_94	146.48
677	pname_62_6	pdesc_451_451_451_	9.69
678	pname_298	pdesc_640_640_6	310.48
679	pname_746_	pdesc_656_656_656	1.93
680	pname_9	pdesc_774_774_774_7	19.9
681	pname_34	pdesc_95_95_95_95_	354.90
682	pname_89	pdesc_483_483_483_	84.87
683	pname_49	pdesc_282_282_282_2	735.15
684	pname_178_	pdesc_721_721_721_	468.83
685	pname_876	pdesc_365_365_36	9.13
686	pname_38	pdesc_979_979_979_	292.60
687	pname_4	pdesc_515_515_515_51	482.40
688	pname_57	pdesc_691_691_69	877.59
689	pname_97	pdesc_574_574_574	156.29
690	pname_5	pdesc_615_615_615_	4.31
691	pname_15_	pdesc_925_925_925_92	265.37
692	pname_51_	pdesc_609_609_60	2.39
693	pname_500_	pdesc_843_843_843_84	679.44
694	pname_22	pdesc_90_90_90_9	233.95
695	pname_5	pdesc_364_364_364_3	442.8
696	pname_914_	pdesc_27_27_27_	36.65
697	pname_45	pdesc_163_163_163_16	190.57
698	pname_60	pdesc_17_17_17_1	2.12
699	pname_32	pdesc_447_447_44	8.87
700	pname_53	pdesc_926_926_926	1.25
701	pname_58_	pdesc_253_253_25	1.90
702	pname_731	pdesc_226_226_226_2	593.62
703	pname_823_	pdesc_929_929_929_92	27.69
704	pname_9	pdesc_163_163_163_16	1.19
705	pname_7	pdesc_868_868_8	9.61
706	pname_379	pdesc_933_933_93	37.75
707	pname_53_	pdesc_769_769_769_76	74.69
708	pname_158_	pdesc_882_882_882_8	71.83
709	pname_853_	pdesc_676_676_6	1.41
710	pname_8	pdesc_272_272_272	1.27
711	pname_7	pdesc_594_594_5	251.3
712	pname_53_	pdesc_483_483_483_	281.38
713	pname_29	pdesc_262_262_2	126.22
714	pname_83	pdesc_555_555_55	1.51
715	pname_547	pdesc_704_704_704	589.94
716	pname_453_	pdesc_24_24_24_	54.33
717	pname_670	pdesc_677_677_677_	844.66
718	pname_2	pdesc_2_2_2_2_2_2_2	91.86
719	pname_680	pdesc_348_348_3	97.6
720	pname_335	pdesc_397_397_39	201.85
721	pname_96	pdesc_363_363_36	2.87
722	pname_301	pdesc_350_350_350	333.35
723	pname_71	pdesc_629_629_629_62	1.29
724	pname_857_	pdesc_210_210_210	864.66
725	pname_85	pdesc_391_391_39	1.75
726	pname_49	pdesc_776_776_776_7	238.67
727	pname_209_	pdesc_616_616_6	2.68
728	pname_8	pdesc_812_812_812	7.35
729	pname_827_	pdesc_961_961_96	12.45
730	pname_91	pdesc_817_817_817_81	1.29
731	pname_963	pdesc_980_980_980	7.41
732	pname_846	pdesc_785_785_785_	1.74
733	pname_4	pdesc_541_541_541_54	167.95
734	pname_796_	pdesc_383_383_383_38	74.27
735	pname_8	pdesc_444_444_444_4	1.25
736	pname_715	pdesc_646_646_6	10.24
737	pname_3	pdesc_778_778_778_7	308.11
738	pname_49	pdesc_164_164_164	809.53
739	pname_914_	pdesc_439_439_439_43	1.91
740	pname_4	pdesc_625_625_625_62	21.4
741	pname_36	pdesc_959_959_959_95	1.56
742	pname_22	pdesc_544_544_544	35.59
743	pname_24	pdesc_769_769_769_76	988.75
744	pname_5	pdesc_642_642_6	6.68
745	pname_857_	pdesc_580_580_580_5	78.66
746	pname_210	pdesc_558_558_558_5	9.68
747	pname_960_	pdesc_9_9_9_9_9_9_9_	294.35
748	pname_47	pdesc_209_209_209_	24.69
749	pname_867_	pdesc_519_519_519_51	751.13
750	pname_8	pdesc_762_762_762	136.10
751	pname_578_	pdesc_297_297_297_	1.79
752	pname_3	pdesc_727_727_727_	2.7
753	pname_872	pdesc_961_961_96	790.81
754	pname_598_	pdesc_750_750_7	328.15
755	pname_3	pdesc_645_645_645_	9.97
756	pname_6	pdesc_133_133_133_13	144.95
757	pname_9	pdesc_942_942_9	22.63
758	pname_614	pdesc_699_699_69	390.71
759	pname_108_	pdesc_625_625_625_62	26.17
760	pname_90	pdesc_883_883_88	3.3
761	pname_1	pdesc_243_243_243_24	28.52
762	pname_20	pdesc_458_458_4	573.42
763	pname_349	pdesc_688_688_688	624.50
764	pname_103	pdesc_106_106_106	90.59
765	pname_540_	pdesc_50_50_50_50_50	333.76
766	pname_9	pdesc_773_773_77	172.13
767	pname_41	pdesc_415_415_41	61.31
768	pname_90	pdesc_923_923_923_92	81.32
769	pname_670	pdesc_953_953_953_95	7.55
770	pname_89	pdesc_840_840_840	2.54
771	pname_56	pdesc_495_495_495_49	48.39
772	pname_80	pdesc_225_225_22	1.31
773	pname_752_	pdesc_228_228_228_2	374.44
774	pname_492	pdesc_102_102_102	289.58
775	pname_508_	pdesc_782_782_7	89.30
776	pname_4	pdesc_743_743_74	9.54
777	pname_2	pdesc_575_575_575_57	64.59
778	pname_9	pdesc_689_689_689_68	533.75
779	pname_47	pdesc_605_605_60	41.19
780	pname_568_	pdesc_358_358_358	1.52
781	pname_399	pdesc_937_937_93	139.82
782	pname_238	pdesc_169_169_169_16	887.49
783	pname_75	pdesc_483_483_483_	289.79
784	pname_988_	pdesc_630_630_630_6	3.66
785	pname_96	pdesc_460_460_460	390.57
786	pname_27	pdesc_773_773_77	56.31
787	pname_3	pdesc_857_857_85	1.45
788	pname_715	pdesc_274_274_274	15.19
789	pname_907	pdesc_842_842_842	1.69
790	pname_2	pdesc_637_637_63	107.54
791	pname_749	pdesc_921_921_921_92	175.3
792	pname_462	pdesc_661_661_66	1.58
793	pname_280	pdesc_472_472_472_4	718.30
794	pname_7	pdesc_711_711_71	275.48
795	pname_55	pdesc_183_183_183_	81.99
796	pname_8	pdesc_762_762_762	25.89
797	pname_396_	pdesc_556_556_556_5	22.76
798	pname_4	pdesc_840_840_840	633.62
799	pname_7	pdesc_858_858_858_8	682.72
800	pname_2	pdesc_356_356_356	58.69
801	pname_960_	pdesc_571_571_571_57	1.35
802	pname_83	pdesc_366_366_366_3	354.92
803	pname_98	pdesc_602_602_602_6	281.18
804	pname_3	pdesc_40_40_40_	184.83
805	pname_33	pdesc_163_163_163_16	3.89
806	pname_48	pdesc_662_662_662_6	15.83
807	pname_5	pdesc_77_77_77_7	1.33
808	pname_483_	pdesc_288_288_288_2	236.33
809	pname_578_	pdesc_444_444_444_4	65.99
810	pname_92_	pdesc_496_496_496	334.45
811	pname_8	pdesc_6_6_6_6_6_6	2.30
812	pname_239_	pdesc_327_327_327_32	351.50
813	pname_900_	pdesc_782_782_7	211.40
814	pname_8	pdesc_651_651_651_65	221.37
815	pname_4	pdesc_205_205_205_	16.99
816	pname_856	pdesc_844_844_844	354.1
817	pname_9	pdesc_6_6_6_6_6_6	42.36
818	pname_50	pdesc_585_585_58	145.89
819	pname_3	pdesc_938_938_938_9	1.79
820	pname_60	pdesc_208_208_2	222.70
821	pname_3	pdesc_205_205_205_	174.86
822	pname_15	pdesc_339_339_33	1.95
823	pname_325	pdesc_499_499_499_49	512.51
824	pname_957	pdesc_526_526_526_5	7.98
825	pname_629_	pdesc_538_538_5	5.83
826	pname_78	pdesc_862_862_8	3.51
827	pname_46	pdesc_291_291_291_	125.68
828	pname_36	pdesc_53_53_53_53_53	32.84
829	pname_688	pdesc_413_413_41	99.97
830	pname_41	pdesc_409_409_409_40	1.34
831	pname_4	pdesc_957_957_957_95	1.56
832	pname_882	pdesc_767_767_767_76	34.99
833	pname_143	pdesc_196_196_196	24.19
834	pname_29	pdesc_618_618_6	209.47
835	pname_46	pdesc_179_179_17	40.33
836	pname_877_	pdesc_105_105_105_10	2.44
837	pname_3	pdesc_923_923_923_92	167.41
838	pname_138_	pdesc_567_567_567_	50.63
839	pname_75	pdesc_575_575_575_57	366.41
840	pname_625_	pdesc_870_870_870	302.10
841	pname_1	pdesc_375_375_375_	590.16
842	pname_23_2	pdesc_358_358_358	226.23
843	pname_251_	pdesc_431_431_431_43	520.95
844	pname_9	pdesc_291_291_291_	224.12
845	pname_67	pdesc_554_554_554_5	1.35
846	pname_493_	pdesc_954_954_954	938.78
847	pname_1	pdesc_978_978_9	14.40
848	pname_548_	pdesc_414_414_414_4	1.79
849	pname_5	pdesc_21_21_21_	24.10
850	pname_392_	pdesc_851_851_85	439.1
851	pname_661_	pdesc_762_762_762	280.81
852	pname_335	pdesc_851_851_85	1.23
853	pname_16_	pdesc_883_883_88	877.45
854	pname_628	pdesc_338_338_338_3	1.82
855	pname_38	pdesc_258_258_258_2	70.50
856	pname_403_	pdesc_24_24_24_	20.41
857	pname_86	pdesc_335_335_33	3.24
858	pname_55_	pdesc_84_84_84_	710.27
859	pname_82	pdesc_518_518_518	81.87
860	pname_5	pdesc_931_931_93	35.45
861	pname_736_	pdesc_935_935_93	781.78
862	pname_4	pdesc_931_931_93	2.73
863	pname_99_	pdesc_549_549_549_54	228.3
864	pname_8	pdesc_28_28_28_28_2	548.75
865	pname_83	pdesc_763_763_763_76	351.51
866	pname_640	pdesc_662_662_662_6	310.35
867	pname_8	pdesc_59_59_59_59_59	100.44
868	pname_72	pdesc_667_667_66	288.97
869	pname_731	pdesc_350_350_350	1.60
870	pname_8	pdesc_184_184_1	494.39
871	pname_18	pdesc_554_554_554_5	106.27
872	pname_81	pdesc_359_359_359_35	426.96
873	pname_8	pdesc_706_706_706	128.12
874	pname_2	pdesc_426_426_4	30.31
875	pname_9	pdesc_239_239_239_	28.34
876	pname_3	pdesc_468_468_468	488.25
877	pname_67	pdesc_157_157_157_	101.7
878	pname_41	pdesc_719_719_71	3.17
879	pname_678	pdesc_402_402_402	513.67
880	pname_7	pdesc_915_915_915_	39.15
881	pname_10_	pdesc_650_650_650	477.1
882	pname_771	pdesc_568_568_5	305.4
883	pname_89	pdesc_653_653_653_65	539.30
884	pname_583	pdesc_365_365_36	258.55
885	pname_79	pdesc_68_68_68_	1.40
886	pname_70	pdesc_848_848_848	1.34
887	pname_53_	pdesc_676_676_6	7.27
888	pname_537	pdesc_444_444_444_4	287.84
889	pname_863_	pdesc_765_765_765_76	40.58
890	pname_5	pdesc_607_607_60	44.68
891	pname_5	pdesc_246_246_246	192.51
892	pname_6	pdesc_191_191_191_19	884.16
893	pname_55_	pdesc_19_19_19_19_	153.7
894	pname_8	pdesc_614_614_6	28.39
895	pname_90_	pdesc_826_826_826_8	37.7
896	pname_37	pdesc_863_863_863_	30.68
897	pname_513	pdesc_462_462_462	241.23
898	pname_58	pdesc_210_210_210	5.84
899	pname_524_	pdesc_189_189_189_	1.56
900	pname_43	pdesc_930_930_930_9	69.3
901	pname_352_	pdesc_563_563_563_	39.80
902	pname_302_	pdesc_513_513_513_51	99.36
903	pname_5	pdesc_644_644_6	95.25
904	pname_7	pdesc_899_899_899_	165.95
905	pname_38	pdesc_776_776_776_7	15.5
906	pname_570_	pdesc_157_157_157_	2.60
907	pname_904_	pdesc_844_844_844	1.45
908	pname_1	pdesc_801_801_801_	39.17
909	pname_7	pdesc_410_410_410_4	229.22
910	pname_517	pdesc_389_389_389_38	1.76
911	pname_2	pdesc_251_251_25	57.55
912	pname_118_	pdesc_819_819_819_81	3.74
913	pname_719	pdesc_344_344_3	232.69
914	pname_645_	pdesc_910_910_9	35.68
915	pname_239_	pdesc_659_659_659_65	976.8
916	pname_7	pdesc_333_333_33	4.25
917	pname_741	pdesc_818_818_818	8.1
918	pname_60	pdesc_373_373_373_	648.21
919	pname_3	pdesc_24_24_24_	818.1
920	pname_342_	pdesc_129_129_129_	7.36
921	pname_399	pdesc_809_809_809_	310.12
922	pname_1	pdesc_489_489_489_	123.87
923	pname_26_2	pdesc_268_268_2	1.36
924	pname_785	pdesc_807_807_807_	1.87
925	pname_4	pdesc_657_657_657_65	373.98
926	pname_843_	pdesc_806_806_8	3.40
927	pname_614	pdesc_910_910_9	2.43
928	pname_85	pdesc_212_212_212	222.25
929	pname_8	pdesc_253_253_25	27.21
930	pname_756_	pdesc_596_596_5	152.95
931	pname_3	pdesc_14_14_14_1	672.42
932	pname_6	pdesc_578_578_578	351.8
933	pname_721	pdesc_787_787_787_	435.2
934	pname_87	pdesc_332_332_332_3	385.85
935	pname_92	pdesc_701_701_701_70	20.98
936	pname_706_	pdesc_608_608_608_6	27.93
937	pname_806	pdesc_256_256_256_2	1.78
938	pname_453_	pdesc_712_712_712_7	1.1
939	pname_7	pdesc_969_969_96	3.88
940	pname_655_	pdesc_940_940_9	730.86
941	pname_9	pdesc_809_809_809_	1.99
942	pname_5	pdesc_525_525_52	17.10
943	pname_173	pdesc_541_541_541_54	78.25
944	pname_538_	pdesc_949_949_949_	1.18
945	pname_3	pdesc_535_535_535_	2.73
946	pname_298	pdesc_750_750_7	144.52
947	pname_729	pdesc_461_461_461_46	355.37
948	pname_504_	pdesc_861_861_861_	1.80
949	pname_27_2	pdesc_802_802_8	116.82
950	pname_4	pdesc_647_647_647_	1.33
951	pname_48	pdesc_317_317_317_	14.56
952	pname_2	pdesc_192_192_192	2.94
953	pname_62_6	pdesc_338_338_338_3	61.32
954	pname_5	pdesc_61_61_61_61	5.41
955	pname_3	pdesc_637_637_63	437.93
956	pname_436	pdesc_529_529_52	965.78
957	pname_598_	pdesc_529_529_52	1.41
958	pname_842	pdesc_456_456_4	90.36
959	pname_806	pdesc_985_985_985_98	1.93
960	pname_721	pdesc_416_416_416_4	5.97
961	pname_68	pdesc_57_57_57_57_	57.99
962	pname_782_	pdesc_625_625_625_62	985.17
963	pname_789	pdesc_595_595_595_	244.87
964	pname_38	pdesc_337_337_33	2.83
965	pname_749	pdesc_940_940_9	583.50
966	pname_789	pdesc_157_157_157_	1.30
967	pname_660	pdesc_970_970_9	1.74
968	pname_886	pdesc_698_698_698_6	53.26
969	pname_462	pdesc_102_102_102	32.62
970	pname_91	pdesc_532_532_5	25.4
971	pname_251_	pdesc_764_764_764	67.14
972	pname_412	pdesc_78_78_78_78_78	146.65
973	pname_37	pdesc_567_567_567_	412.66
974	pname_2	pdesc_176_176_176_1	1.54
975	pname_1	pdesc_242_242_242	1.60
976	pname_1	pdesc_184_184_1	27.57
977	pname_64	pdesc_159_159_159_	344.93
978	pname_10	pdesc_342_342_3	158.15
979	pname_271_	pdesc_278_278_278	257.37
980	pname_177	pdesc_820_820_820_8	581.34
981	pname_664	pdesc_788_788_7	239.7
982	pname_3	pdesc_743_743_74	2.86
983	pname_396_	pdesc_150_150_1	7.58
984	pname_417_	pdesc_181_181_181_	16.77
985	pname_426	pdesc_920_920_920	89.34
986	pname_604	pdesc_858_858_858_8	1.78
987	pname_544_	pdesc_424_424_4	523.30
988	pname_446	pdesc_3_3_3_3_3_3_3_	1.66
989	pname_44	pdesc_454_454_4	3.97
990	pname_779	pdesc_24_24_24_	861.98
991	pname_691_	pdesc_35_35_35_35_	1.48
992	pname_53	pdesc_355_355_355_35	2.99
993	pname_76	pdesc_549_549_549_54	53.50
994	pname_9	pdesc_753_753_753_	2.54
995	pname_240	pdesc_662_662_662_6	193.37
996	pname_65	pdesc_704_704_704	1.37
997	pname_123	pdesc_552_552_552_5	42.39
998	pname_908_	pdesc_922_922_922	173.24
999	pname_699_	pdesc_156_156_1	561.81
1000	pname_124_	pdesc_878_878_878	96.81
\.

-- fill table orders (300)
\echo # filling table orders (300)
COPY orders (ordid,odate,ocust) FROM STDIN (ENCODING 'UTF-8');
1	2016-05-06	73
2	2016-07-14	73
3	2015-02-05	80
4	2016-03-06	29
5	2016-03-28	95
6	2015-10-11	19
7	2015-12-20	25
8	2016-06-17	31
9	2015-04-01	48
10	2016-08-03	37
11	2015-12-10	91
12	2015-12-06	41
13	2015-04-24	45
14	2016-04-07	49
15	2016-07-31	37
16	2016-07-01	34
17	2015-04-06	32
18	2016-02-07	97
19	2016-07-29	1
20	2016-07-03	40
21	2015-12-31	21
22	2015-01-18	58
23	2016-01-26	42
24	2016-03-13	48
25	2015-07-27	84
26	2015-10-15	100
27	2015-12-22	40
28	2016-01-25	48
29	2016-02-14	76
30	2016-06-01	90
31	2015-07-31	14
32	2015-05-19	45
33	2016-03-05	27
34	2015-05-30	7
35	2016-01-31	43
36	2015-02-27	75
37	2016-04-28	1
38	2015-10-27	6
39	2015-07-03	57
40	2015-07-15	99
41	2016-01-06	29
42	2015-02-25	53
43	2015-02-22	73
44	2016-05-21	82
45	2015-01-15	18
46	2015-12-18	33
47	2016-02-09	87
48	2016-04-08	100
49	2015-06-20	69
50	2015-01-01	45
51	2015-07-06	14
52	2016-02-28	76
53	2016-02-13	7
54	2015-07-05	2
55	2015-06-02	44
56	2015-04-17	17
57	2015-02-24	85
58	2016-03-02	44
59	2015-04-17	67
60	2015-04-04	77
61	2015-12-11	24
62	2016-02-20	11
63	2016-03-28	38
64	2015-07-10	8
65	2016-02-25	3
66	2015-06-29	60
67	2015-03-24	4
68	2016-01-02	42
69	2016-08-31	13
70	2015-08-10	16
71	2016-04-07	53
72	2015-06-10	17
73	2015-03-25	33
74	2016-06-13	96
75	2016-01-28	1
76	2016-02-01	35
77	2015-04-04	8
78	2015-03-13	47
79	2016-09-12	96
80	2016-04-28	62
81	2016-03-21	14
82	2016-03-20	77
83	2015-03-30	87
84	2016-06-08	19
85	2015-08-06	14
86	2016-02-05	51
87	2016-02-27	98
88	2016-01-29	34
89	2015-07-30	65
90	2016-03-30	67
91	2015-09-14	50
92	2016-04-01	91
93	2016-01-25	2
94	2016-08-07	62
95	2015-01-17	86
96	2016-05-16	99
97	2015-08-13	7
98	2015-08-01	93
99	2015-07-31	56
100	2015-02-28	71
101	2016-06-08	73
102	2016-03-21	38
103	2016-05-01	33
104	2015-07-23	28
105	2016-04-01	71
106	2015-07-13	13
107	2015-04-28	36
108	2015-06-03	33
109	2015-12-20	51
110	2015-11-07	46
111	2015-09-05	71
112	2015-10-23	52
113	2016-02-14	60
114	2016-02-16	10
115	2016-03-25	98
116	2016-09-11	41
117	2015-05-22	64
118	2016-02-24	43
119	2015-12-24	99
120	2015-04-17	58
121	2015-04-23	69
122	2015-08-19	25
123	2016-08-31	94
124	2016-07-29	39
125	2016-01-24	96
126	2015-07-23	99
127	2015-02-13	81
128	2015-03-20	67
129	2015-04-25	40
130	2016-02-26	8
131	2015-03-22	55
132	2016-04-19	34
133	2016-08-23	55
134	2015-01-31	94
135	2015-08-30	71
136	2015-05-12	50
137	2015-08-17	54
138	2016-07-12	56
139	2015-03-22	34
140	2016-02-22	90
141	2015-03-07	51
142	2016-01-02	25
143	2015-01-27	62
144	2016-02-29	51
145	2016-03-20	49
146	2016-01-30	30
147	2016-07-24	86
148	2016-05-28	58
149	2015-09-28	28
150	2015-09-05	47
151	2016-06-02	71
152	2016-03-10	89
153	2015-04-19	15
154	2015-11-18	68
155	2015-02-09	94
156	2015-10-30	79
157	2016-09-28	55
158	2015-07-25	76
159	2016-07-20	28
160	2016-07-18	93
161	2015-11-13	92
162	2015-12-16	80
163	2015-12-26	2
164	2016-07-09	20
165	2015-05-11	70
166	2015-11-23	73
167	2016-07-18	39
168	2015-08-13	17
169	2016-01-14	29
170	2015-04-22	13
171	2016-01-30	42
172	2015-10-08	59
173	2016-01-26	3
174	2015-01-27	71
175	2016-06-07	87
176	2015-09-06	93
177	2015-11-29	67
178	2015-03-11	26
179	2016-07-31	97
180	2015-10-08	56
181	2015-05-27	91
182	2015-06-23	86
183	2015-09-20	19
184	2015-12-07	52
185	2016-02-13	47
186	2015-07-18	83
187	2015-08-12	38
188	2016-01-08	8
189	2015-04-14	52
190	2015-12-13	79
191	2016-01-11	95
192	2015-03-07	46
193	2016-09-11	44
194	2015-10-12	11
195	2016-04-16	66
196	2015-03-13	63
197	2015-07-31	82
198	2015-12-15	56
199	2015-01-19	67
200	2016-07-01	31
201	2016-02-15	24
202	2015-07-06	14
203	2015-06-24	36
204	2016-02-18	9
205	2015-07-07	72
206	2016-03-31	4
207	2015-11-09	61
208	2015-12-18	23
209	2016-04-10	49
210	2016-04-30	81
211	2015-04-27	3
212	2015-08-23	61
213	2015-05-15	17
214	2015-11-07	2
215	2015-06-10	2
216	2015-12-25	56
217	2016-07-29	65
218	2015-04-24	32
219	2015-02-26	21
220	2016-03-10	60
221	2015-01-16	84
222	2016-03-31	89
223	2016-03-19	43
224	2015-01-26	50
225	2016-06-02	11
226	2015-01-11	36
227	2015-06-09	23
228	2016-01-26	30
229	2016-06-02	50
230	2015-11-24	100
231	2016-02-01	39
232	2016-07-06	3
233	2015-09-19	54
234	2015-08-04	92
235	2016-02-11	47
236	2015-05-04	86
237	2015-12-24	61
238	2015-11-20	43
239	2016-03-28	43
240	2016-03-19	90
241	2015-07-08	87
242	2015-02-23	93
243	2015-06-20	44
244	2016-03-07	100
245	2015-02-20	32
246	2015-09-25	77
247	2015-02-24	77
248	2015-04-28	55
249	2015-03-20	16
250	2015-01-08	30
251	2016-04-25	80
252	2016-05-23	40
253	2015-09-11	17
254	2016-05-13	45
255	2016-07-24	14
256	2016-02-14	82
257	2016-08-09	28
258	2015-06-17	87
259	2016-04-03	63
260	2015-01-19	100
261	2015-06-17	87
262	2016-01-26	49
263	2016-02-28	47
264	2016-01-21	10
265	2016-01-16	34
266	2015-12-31	97
267	2016-06-16	71
268	2015-04-04	79
269	2016-08-27	67
270	2015-06-21	66
271	2016-01-01	73
272	2015-10-16	93
273	2016-08-26	27
274	2016-09-25	61
275	2015-12-08	50
276	2015-07-29	15
277	2016-09-20	68
278	2015-04-02	55
279	2015-07-01	24
280	2015-12-18	31
281	2015-05-13	68
282	2015-12-30	96
283	2016-08-05	16
284	2015-10-10	36
285	2016-06-01	64
286	2015-11-13	29
287	2015-10-12	30
288	2016-07-20	89
289	2015-09-18	5
290	2015-06-25	54
291	2015-06-19	6
292	2016-03-01	31
293	2015-10-13	3
294	2016-08-04	41
295	2015-05-12	79
296	2016-05-30	6
297	2015-11-02	23
298	2015-11-05	70
299	2016-03-14	38
300	2015-04-11	30
\.

-- fill table details (1500)
\echo # filling table details (1500)
COPY details (ordid,pcode,qty) FROM STDIN (ENCODING 'UTF-8');
300	688	1
250	349	1
53	199	1
112	936	1
90	502	1
103	94	1
151	577	1
166	362	1
49	931	7
193	645	1
265	759	1
21	393	1
206	833	1
67	999	1
47	465	1
78	601	1
185	784	4
212	191	6
206	922	1
4	264	1
121	499	1
191	846	1
147	552	1
11	713	1
278	533	1
185	46	1
163	718	2
119	279	1
181	295	1
300	759	1
198	537	1
32	834	1
34	387	1
240	254	1
274	325	6
289	609	9
241	231	1
42	981	1
17	308	1
203	612	1
209	874	1
7	806	1
48	324	5
276	658	1
126	255	1
2	880	1
88	336	10
238	612	1
165	534	1
173	62	1
114	468	1
264	149	1
60	511	1
240	848	1
291	934	1
44	159	1
274	79	1
42	929	1
212	831	1
228	478	1
275	577	4
91	423	1
274	638	1
48	878	6
201	686	1
29	328	1
6	777	1
78	752	1
51	143	1
3	324	1
275	306	1
101	787	1
267	423	1
272	40	1
44	34	1
132	936	6
271	866	1
89	68	7
135	320	1
1	410	1
270	170	3
69	906	1
74	619	1
58	590	1
261	507	1
117	494	1
258	851	1
266	437	1
133	419	1
283	361	1
102	891	1
252	510	1
205	246	1
79	205	2
4	911	1
232	568	1
245	13	1
198	823	1
100	851	2
186	308	1
84	927	1
273	154	1
207	423	1
97	849	1
91	669	1
114	859	1
270	408	1
3	225	1
268	835	1
87	106	10
290	789	10
91	15	10
216	594	1
234	241	1
280	522	4
162	593	7
66	466	1
117	59	1
202	7	1
91	52	1
171	832	1
83	854	3
255	985	6
274	755	1
185	441	1
216	479	1
245	20	1
123	146	1
231	346	1
45	845	1
247	246	1
11	792	8
270	528	1
157	658	1
112	396	1
262	243	1
232	471	5
141	977	1
59	584	5
124	290	1
299	672	1
219	473	1
40	253	1
30	401	1
205	780	1
300	395	1
47	993	1
139	490	1
67	885	1
133	7	1
70	642	9
21	104	1
183	452	7
256	765	1
84	705	1
222	63	1
72	371	3
36	121	1
268	308	1
239	710	1
3	208	3
7	879	1
272	262	1
2	81	1
261	39	1
138	130	1
210	456	1
261	844	1
58	947	1
191	529	1
284	441	1
99	299	1
62	354	1
264	76	1
112	205	1
168	959	1
16	566	1
44	292	1
154	792	1
88	512	1
270	939	1
294	242	1
193	170	5
25	44	1
296	119	6
51	421	10
55	498	1
219	677	1
89	238	1
236	328	1
254	608	4
5	960	1
51	433	1
249	745	1
34	891	1
27	911	1
271	220	1
156	564	5
66	669	1
269	291	1
112	908	1
297	717	1
95	360	1
20	419	6
85	347	1
10	583	2
23	358	3
226	848	1
243	733	1
241	89	10
50	200	1
205	750	1
193	955	1
11	525	1
268	953	1
170	557	1
184	913	1
231	64	1
81	254	1
18	458	1
219	942	3
141	169	1
150	356	1
88	547	1
54	817	1
26	373	1
228	876	1
216	978	1
120	984	1
88	93	1
69	157	4
228	934	1
250	91	1
129	871	1
228	297	1
7	668	3
93	636	9
200	359	8
107	346	1
118	488	3
35	668	2
118	365	8
184	362	2
38	200	1
235	573	1
193	505	1
77	109	1
1	663	1
261	200	1
101	818	1
125	633	1
160	776	1
155	504	1
277	239	1
210	237	1
57	954	1
139	83	1
272	627	1
59	214	1
34	180	1
19	883	1
228	885	1
55	77	1
215	907	1
33	272	3
153	72	1
114	293	1
112	296	1
166	815	1
97	838	1
206	742	10
172	915	1
121	63	5
227	391	1
238	667	10
66	310	1
214	109	1
64	819	2
70	243	1
259	930	1
153	601	1
145	795	6
106	802	1
43	398	1
52	629	1
276	298	1
169	638	2
201	779	1
14	456	1
142	833	3
57	93	1
37	304	1
189	561	1
51	334	1
27	719	1
42	218	1
25	953	8
173	123	1
215	628	1
262	896	5
95	520	1
57	160	1
257	750	3
244	699	2
234	992	4
300	350	1
156	91	1
129	943	9
242	307	1
269	14	1
185	401	1
52	848	1
189	529	1
125	49	1
95	766	1
10	658	3
286	362	1
168	678	1
33	445	1
69	522	1
287	551	1
13	614	1
40	60	1
152	85	2
110	719	1
25	869	1
36	772	1
61	223	1
26	193	1
1	935	1
237	714	1
50	450	3
173	723	1
180	455	1
37	467	5
210	681	2
157	505	7
162	212	2
251	290	3
150	478	2
87	64	1
293	506	9
292	788	1
113	853	1
142	634	1
206	72	1
144	73	1
137	333	7
198	667	6
227	82	7
127	784	9
263	243	3
83	152	6
268	427	1
212	587	1
9	230	6
80	367	1
224	187	1
89	162	1
178	808	1
265	712	10
251	562	1
225	567	1
195	129	1
72	420	3
11	268	1
293	170	1
16	326	1
285	398	1
192	440	1
250	615	1
298	25	1
289	156	1
166	65	1
161	987	1
278	885	1
296	147	1
274	891	1
99	346	5
172	998	1
198	373	1
58	13	1
269	666	1
281	507	1
154	891	1
210	425	2
106	574	1
244	309	1
247	825	1
229	752	8
279	893	1
41	5	1
177	926	6
78	302	1
185	811	1
213	711	9
93	394	1
230	804	1
284	917	1
8	426	1
161	763	1
203	685	1
285	167	3
46	906	1
286	379	1
277	390	1
189	704	1
223	994	1
220	7	1
79	815	1
5	98	7
57	695	1
86	640	1
186	2	1
280	710	1
97	940	1
89	454	8
251	474	1
136	465	1
85	450	1
85	375	1
184	27	1
258	401	1
48	450	1
9	571	1
229	579	5
183	148	1
277	88	2
32	717	1
119	307	1
202	400	1
12	26	1
198	467	1
250	195	1
31	591	3
178	44	1
79	299	1
41	261	1
208	52	1
206	14	1
183	56	5
81	905	1
174	72	1
65	195	10
80	977	1
195	701	1
6	218	1
284	993	1
19	494	1
111	76	8
237	37	1
244	213	1
254	409	2
62	908	1
89	137	4
181	674	1
15	566	1
237	924	1
272	296	6
97	553	1
144	234	1
216	843	1
224	300	1
82	98	1
45	475	1
28	852	1
8	122	1
187	339	1
91	487	9
156	774	1
228	233	1
24	901	1
1	994	1
231	381	2
113	430	1
136	161	1
85	929	1
118	676	6
125	28	1
298	858	8
169	334	1
161	1	1
88	545	1
141	75	3
249	438	1
59	900	1
198	228	1
232	441	1
207	640	1
238	476	1
174	241	1
275	261	1
145	370	9
27	118	1
22	178	3
198	421	1
107	523	1
16	483	1
110	178	1
126	548	9
131	524	2
206	218	1
211	823	1
3	573	6
12	633	1
195	749	1
178	817	5
80	983	1
187	45	1
90	175	1
81	152	1
177	427	6
244	297	1
128	926	6
47	572	1
72	335	1
1	264	1
88	338	9
191	944	1
88	396	1
262	823	1
192	417	1
241	275	1
152	927	9
1	425	1
62	167	2
68	557	4
285	806	2
233	546	1
106	911	1
7	124	1
278	904	1
288	284	10
37	382	2
267	27	1
24	363	1
192	841	1
72	93	1
164	168	1
128	311	1
72	57	1
72	881	4
82	571	1
13	15	1
293	229	4
63	556	1
214	172	1
147	403	1
121	601	1
205	185	1
11	744	1
242	442	1
3	167	1
55	320	2
87	645	1
46	302	5
154	204	8
149	666	1
104	502	6
30	222	1
159	635	1
280	136	1
208	297	5
137	578	1
215	500	1
67	890	1
141	549	1
209	13	1
274	445	1
184	443	1
180	711	9
17	69	1
111	646	1
8	503	1
130	744	1
299	585	9
81	838	1
82	642	1
58	945	10
185	319	1
27	476	1
149	624	1
51	889	1
202	475	1
174	443	1
209	266	1
83	33	2
166	390	9
149	561	1
177	8	1
116	945	8
151	648	1
186	721	1
248	77	6
244	933	1
136	620	1
179	559	1
173	642	1
117	797	1
196	188	1
83	131	1
166	993	1
215	394	1
202	222	4
223	104	1
147	73	1
60	970	1
65	953	1
91	981	3
7	268	1
130	353	5
251	172	1
133	659	1
172	263	6
6	181	1
16	482	1
65	405	3
179	259	1
277	184	6
164	826	1
72	262	1
209	534	1
236	194	1
152	688	4
189	521	1
166	810	1
168	138	1
217	363	1
85	132	1
103	391	3
283	700	1
253	75	1
253	591	1
221	606	1
158	510	1
108	244	1
150	800	1
269	74	1
209	363	1
299	132	1
88	451	1
184	98	1
292	495	1
96	734	1
97	334	1
176	461	1
85	890	1
290	15	1
87	324	1
96	609	1
50	689	1
226	324	4
253	646	2
268	995	1
99	892	1
231	722	1
140	93	1
100	986	1
245	227	1
182	524	1
188	444	1
202	451	1
158	13	1
62	626	1
213	875	3
151	59	3
237	258	2
154	225	1
280	251	5
69	951	1
276	905	1
96	442	2
99	363	2
30	977	1
69	302	9
246	401	1
18	560	3
258	498	1
254	581	7
121	380	1
100	902	1
76	714	1
51	432	2
266	229	1
57	20	1
60	29	1
147	663	1
199	36	1
253	23	6
160	99	3
80	232	1
49	856	1
148	272	1
47	511	1
77	205	1
85	874	1
251	236	1
191	307	1
221	878	8
79	558	1
184	961	1
176	327	1
48	479	1
137	863	1
203	837	1
100	845	1
34	293	1
294	248	1
159	421	5
219	56	1
99	262	1
77	844	1
138	546	1
67	775	1
146	319	2
223	504	8
146	302	7
167	422	1
28	798	1
114	500	1
196	262	1
237	490	2
120	869	1
40	72	6
252	17	10
193	596	1
103	459	1
169	341	1
144	402	1
211	291	1
228	741	1
175	888	2
164	652	1
171	933	1
235	142	1
88	55	1
75	534	8
194	667	1
28	715	1
222	315	1
131	284	1
183	78	1
252	268	1
75	199	2
177	412	1
259	131	1
189	685	1
97	765	1
79	232	1
225	483	1
29	259	1
78	673	1
297	679	1
73	634	1
205	188	1
57	948	1
173	143	1
76	848	1
152	773	1
264	932	1
235	853	1
4	930	5
60	49	1
131	234	1
117	868	1
27	227	2
262	849	1
91	883	2
197	691	1
146	114	8
120	181	1
137	585	1
225	979	1
176	777	1
144	712	1
156	402	2
46	949	1
12	983	3
183	972	1
2	103	3
94	185	1
128	613	1
281	271	1
93	233	1
10	306	2
209	215	1
182	83	1
6	903	1
115	586	4
28	571	1
218	418	1
77	347	1
134	743	1
232	375	2
167	365	1
97	356	1
226	618	1
270	329	1
101	336	1
136	726	1
29	316	2
54	861	1
63	494	5
230	594	1
199	830	1
210	539	9
37	365	1
182	994	1
193	859	1
298	197	1
288	970	1
68	345	1
31	525	1
156	259	1
119	935	2
2	603	1
239	690	1
223	587	2
295	83	1
245	394	4
230	219	9
275	763	1
86	166	1
270	25	1
260	410	1
182	130	1
208	431	1
50	64	1
141	319	1
49	872	1
85	951	1
113	281	1
176	499	4
221	522	2
111	806	1
237	373	3
189	40	1
44	381	1
275	509	1
78	647	1
204	769	6
277	742	1
229	178	1
141	140	1
191	670	1
9	292	1
104	904	1
60	486	1
79	858	1
49	224	1
83	60	1
83	500	7
85	804	1
139	677	1
114	427	1
219	39	5
46	733	1
17	432	3
161	687	1
274	929	1
102	810	1
54	912	9
146	322	1
77	208	1
156	415	1
248	792	1
84	980	1
20	531	3
234	894	1
252	355	1
44	917	1
69	546	1
24	658	1
76	856	4
29	785	1
227	128	1
244	997	1
205	383	1
70	506	1
22	985	1
286	74	1
162	656	1
166	581	1
108	959	1
82	211	1
225	369	1
10	384	1
166	575	2
214	30	1
6	645	3
180	926	2
184	226	1
51	640	8
65	112	1
76	816	1
10	697	1
258	289	1
111	649	1
2	16	1
201	643	1
217	594	1
132	925	1
15	371	1
73	565	1
272	479	2
110	226	1
79	120	4
299	567	1
42	302	1
91	626	1
179	620	1
165	858	1
170	224	7
103	991	1
108	613	1
235	757	1
200	289	1
195	371	4
252	572	1
5	386	2
63	641	1
171	279	1
217	27	1
231	921	1
245	414	1
213	615	1
118	596	1
223	683	2
41	813	1
15	632	1
228	124	6
84	816	1
63	252	1
291	945	1
66	95	1
126	233	1
130	345	1
138	564	7
286	334	1
238	583	1
38	401	1
99	141	4
212	516	1
28	634	1
25	62	4
43	768	1
143	830	1
281	181	1
272	811	8
128	376	1
199	804	1
147	686	1
300	320	1
59	268	1
185	833	5
294	459	1
256	664	1
35	845	1
177	833	1
136	604	1
279	198	1
100	289	1
27	32	1
234	115	1
165	730	1
160	501	1
186	311	1
144	387	1
99	880	1
40	925	1
273	981	1
179	110	1
245	856	1
290	355	1
255	239	2
196	431	1
70	38	1
213	559	1
37	207	7
234	775	1
250	782	1
91	903	5
179	868	1
230	451	1
288	418	3
128	788	1
196	641	1
174	175	1
4	204	1
218	394	1
127	63	1
24	888	1
32	656	1
248	32	1
3	771	3
224	536	1
17	681	1
147	127	1
9	669	1
264	105	1
211	709	1
32	984	1
196	70	1
278	202	1
259	839	6
209	58	1
241	886	3
139	998	4
186	172	1
255	6	1
195	202	1
277	938	1
296	748	1
11	196	1
52	249	1
83	376	1
166	255	1
250	599	7
223	378	1
45	944	1
227	58	1
190	1000	1
47	603	1
113	502	2
300	969	1
16	293	1
188	879	1
37	920	1
190	371	1
56	170	1
271	728	1
142	51	1
173	814	1
298	334	1
155	969	1
220	624	1
149	155	1
300	466	1
208	558	1
208	26	1
47	893	1
210	698	1
274	246	1
246	536	1
177	490	1
179	150	1
294	960	1
116	396	1
221	608	1
145	725	1
32	61	1
132	374	1
297	376	1
262	740	1
23	355	1
274	139	1
191	590	1
243	112	1
251	925	1
162	443	1
195	543	1
116	701	1
289	785	1
178	95	1
246	647	1
30	770	6
174	661	1
45	860	1
30	158	1
236	254	1
101	510	1
288	511	1
50	587	1
238	293	5
166	413	1
47	55	1
137	790	1
291	538	1
25	167	6
84	90	1
53	533	8
53	461	1
135	340	1
110	243	1
95	771	1
175	6	1
198	993	1
153	816	5
282	146	1
107	826	3
180	719	1
217	321	1
229	419	9
250	478	1
181	162	2
263	626	1
297	529	1
65	446	1
299	426	1
126	397	1
270	389	1
194	663	1
287	619	1
105	738	1
3	745	5
179	357	2
89	921	1
137	524	6
161	8	1
294	402	1
105	622	1
225	708	1
144	59	1
168	309	4
142	342	3
16	279	1
143	977	1
167	347	1
82	407	1
277	452	1
248	708	1
118	18	1
42	333	1
144	946	1
158	285	1
172	486	1
2	786	4
142	21	1
89	619	1
246	543	1
106	806	1
153	97	1
292	514	3
114	429	7
18	251	1
265	559	2
51	960	7
26	62	1
215	470	1
271	438	6
165	154	1
292	255	1
171	584	2
150	279	1
138	322	1
43	553	1
274	584	7
170	604	1
121	845	3
260	456	1
239	265	10
53	925	1
30	747	7
299	329	1
235	447	8
218	335	1
102	432	1
134	294	1
117	475	6
124	781	1
211	734	1
31	866	6
62	299	1
209	219	1
270	937	1
199	431	1
256	416	1
133	80	1
242	374	1
300	820	1
207	972	1
240	769	1
200	772	1
206	476	1
130	550	3
187	769	1
220	373	1
73	184	1
51	916	9
182	279	1
14	237	1
77	757	1
182	653	1
92	110	1
295	516	1
128	997	1
263	26	1
143	238	1
187	201	1
297	681	1
219	148	1
78	833	1
170	277	1
25	649	1
245	913	5
248	81	1
22	139	1
72	686	1
286	840	1
137	10	1
112	961	1
56	444	1
80	731	2
99	593	1
48	967	1
254	484	1
117	222	1
93	252	1
101	986	3
127	907	1
33	978	1
46	435	1
211	892	1
24	299	6
246	692	1
1	466	3
64	390	1
7	565	1
277	484	1
27	929	1
224	305	1
285	16	1
36	376	9
230	909	1
276	477	1
61	106	1
172	609	1
150	537	1
52	966	1
191	315	1
268	952	1
83	46	1
194	307	1
61	369	1
90	706	1
270	73	1
1	407	1
188	995	1
102	227	1
126	518	1
54	601	2
83	264	1
146	385	1
16	577	4
51	518	1
168	570	1
146	171	1
106	867	1
261	49	1
165	325	1
112	529	1
262	591	1
19	284	1
207	670	1
189	408	1
195	479	1
67	746	1
101	367	1
245	513	1
281	800	1
27	671	1
198	266	1
194	321	1
180	945	4
20	470	9
273	852	1
290	707	1
104	775	6
69	888	10
119	56	1
82	479	2
222	290	1
62	99	4
58	658	1
208	145	1
5	768	1
163	765	1
248	763	1
215	841	1
180	433	1
299	785	1
26	472	1
292	546	1
151	748	1
7	705	1
76	842	1
50	240	1
40	932	1
228	961	1
133	357	1
108	637	1
207	317	1
266	723	1
131	278	1
63	787	1
98	45	6
82	317	1
150	689	1
79	884	1
298	594	4
84	321	1
24	975	1
256	973	2
24	109	8
113	280	1
288	796	1
30	340	1
72	194	1
111	455	1
71	154	1
76	606	1
230	2	1
287	952	1
269	73	1
40	534	4
85	190	1
153	33	1
291	55	1
251	781	1
8	68	5
130	17	1
201	988	1
5	811	1
103	461	1
215	782	1
264	160	1
218	219	1
70	934	1
132	335	1
87	8	10
279	883	1
88	652	1
279	630	1
7	855	1
290	59	1
267	616	1
163	950	1
83	404	1
248	145	1
171	341	1
174	378	7
24	496	1
246	960	1
100	920	1
225	550	1
89	16	1
112	177	1
181	821	1
57	493	1
101	283	1
267	6	1
216	183	1
186	638	1
188	510	9
191	54	3
77	406	2
124	329	1
247	432	1
273	914	1
216	410	1
219	845	2
13	596	1
292	326	1
111	902	1
190	364	1
70	300	1
76	657	4
81	393	3
33	348	1
136	174	1
268	986	10
47	930	7
93	692	1
124	24	1
170	667	1
229	668	1
5	630	2
154	970	1
239	681	1
171	981	9
96	278	1
239	341	1
35	945	1
86	472	3
87	252	1
157	322	1
111	535	1
96	29	1
245	273	1
203	884	1
185	208	1
77	51	1
227	359	1
288	648	1
2	290	1
226	521	1
228	795	1
56	576	1
6	131	1
195	569	3
248	422	6
146	654	1
8	309	1
62	436	1
282	915	1
269	831	1
116	160	1
262	47	1
31	807	1
240	489	1
25	768	6
295	249	2
70	968	1
99	50	3
244	186	1
291	507	4
246	724	1
16	678	1
185	111	1
53	764	1
265	894	1
282	440	1
159	404	2
290	210	1
242	768	1
287	44	1
44	623	1
291	942	1
12	20	1
18	597	1
169	46	1
137	833	1
82	272	10
297	20	1
19	794	1
240	221	1
59	646	1
6	240	1
51	976	1
211	585	1
32	519	2
94	795	1
104	875	7
223	397	5
211	99	8
9	967	9
152	151	1
61	472	1
206	983	1
7	488	1
20	873	1
211	798	1
74	170	1
254	731	1
251	296	1
116	358	1
134	694	7
133	795	1
2	822	1
48	29	1
63	911	5
83	346	1
102	709	1
174	11	1
287	228	4
126	382	1
189	905	1
236	785	4
83	810	1
158	394	1
271	252	1
241	833	1
27	855	3
124	898	1
298	142	1
73	702	1
71	130	1
151	230	7
267	9	1
82	969	1
201	387	6
237	890	1
152	657	1
292	347	1
81	987	1
2	151	1
131	476	1
143	396	1
258	248	1
282	292	1
110	762	5
124	247	5
163	57	1
100	35	3
98	213	1
136	758	1
92	557	1
171	995	1
158	933	1
246	527	1
\.

-- fill table invoices (200)
\echo # filling table invoices (200)
COPY invoices (invid,ordid,amount,issued,due) FROM STDIN (ENCODING 'UTF-8');
1	43	58.33	2015-03-04	2016-01-01
2	30	6.16	2015-10-13	2015-01-26
3	17	92.2	2015-07-28	2015-10-03
4	4	1.60	2016-08-15	2016-02-14
5	291	1.5	2016-09-11	2015-05-15
6	278	1.8	2016-09-21	2015-02-11
7	265	983.75	2016-09-11	2015-05-18
8	252	36.89	2015-10-25	2015-08-20
9	147	5.5	2015-07-23	2015-11-05
10	134	23.8	2016-08-07	2015-11-19
11	121	350.80	2016-01-04	2016-09-30
12	108	298.13	2016-08-03	2016-03-15
13	95	1.67	2015-07-06	2015-09-16
14	82	1.11	2015-08-16	2016-08-30
15	69	371.92	2016-05-09	2015-04-06
16	56	79.55	2016-09-06	2015-02-19
17	135	1.95	2016-04-30	2015-05-12
18	122	841.38	2016-08-08	2016-07-21
19	109	54.40	2015-05-28	2015-07-29
20	96	514.78	2016-07-26	2015-06-13
21	83	4.18	2015-11-10	2016-01-26
22	70	137.50	2015-07-09	2015-01-04
23	57	1.96	2015-11-03	2015-12-29
24	44	1.99	2016-03-13	2016-05-13
25	239	11.2	2016-08-25	2015-03-28
26	226	982.33	2015-07-21	2015-09-12
27	213	8.47	2015-06-17	2016-07-27
28	200	1.8	2015-10-28	2016-08-13
29	187	343.54	2015-02-20	2016-02-02
30	174	154.78	2016-01-03	2015-05-10
31	161	295.26	2015-08-29	2015-01-19
32	148	937.41	2016-03-21	2015-10-05
33	159	577.75	2016-02-20	2016-05-15
34	146	258.63	2015-04-15	2015-04-10
35	133	132.64	2016-08-23	2015-07-16
36	120	322.58	2015-11-12	2016-03-30
37	107	1.63	2016-01-24	2015-02-07
38	94	17.63	2015-12-14	2016-04-24
39	81	21.33	2015-08-17	2015-08-23
40	68	3.87	2016-08-29	2016-02-21
41	263	136.30	2015-11-27	2015-12-14
42	250	1.62	2016-07-19	2016-01-27
43	237	1.55	2016-04-01	2015-08-21
44	224	562.94	2015-10-06	2016-07-30
45	211	183.89	2016-04-15	2016-04-01
46	198	1.90	2015-11-07	2015-12-09
47	185	857.61	2016-01-22	2016-07-09
48	172	72.23	2016-04-22	2016-04-15
49	251	9.44	2015-02-25	2015-04-06
50	238	2.51	2015-11-09	2016-06-24
51	225	29.44	2015-06-05	2015-10-07
52	212	27.11	2016-02-18	2015-07-01
53	199	910.55	2015-12-13	2015-01-03
54	186	518.97	2015-01-27	2015-07-14
55	173	22.69	2015-04-12	2016-05-29
56	160	154.64	2015-01-17	2016-04-02
57	55	1.12	2016-04-19	2015-05-21
58	42	1.44	2016-05-17	2016-08-07
59	29	38.86	2016-05-24	2016-09-03
60	16	23.81	2016-07-01	2016-07-02
61	3	12.82	2016-07-02	2016-09-21
62	290	71.39	2015-09-04	2015-02-06
63	277	36.85	2015-03-07	2015-03-28
64	264	2.39	2015-04-29	2015-07-06
65	275	323.42	2015-08-26	2015-12-17
66	262	10.23	2015-05-15	2015-03-12
67	249	9.44	2016-06-24	2016-01-25
68	236	656.32	2016-08-18	2015-12-11
69	223	218.32	2016-08-05	2016-07-04
70	210	104.74	2015-07-31	2015-12-10
71	197	5.96	2015-09-24	2016-06-22
72	184	424.23	2016-09-19	2016-04-07
73	79	198.17	2015-08-08	2015-01-02
74	66	1.90	2016-03-03	2016-04-12
75	53	1.80	2015-08-27	2015-05-25
76	40	546.22	2016-02-15	2015-10-12
77	27	439.9	2015-04-05	2015-08-23
78	14	399.5	2015-11-24	2015-01-20
79	1	1.28	2016-02-02	2015-10-11
80	288	1.19	2016-06-15	2016-02-24
81	67	106.1	2015-12-27	2015-12-06
82	54	26.57	2016-08-26	2015-03-09
83	41	227.55	2016-01-13	2015-07-08
84	28	536.92	2015-10-26	2015-05-07
85	15	1.31	2016-07-25	2016-07-27
86	2	142.35	2015-12-12	2016-02-11
87	289	8.87	2015-03-23	2015-12-03
88	276	16.19	2015-09-17	2015-11-09
89	171	408.52	2016-08-30	2015-03-06
90	158	12.23	2016-03-10	2015-11-02
91	145	16.83	2015-10-13	2016-01-09
92	132	1.35	2015-02-28	2015-02-21
93	119	23.16	2015-11-28	2015-07-20
94	106	48.4	2016-02-14	2015-04-17
95	93	328.15	2016-05-24	2015-07-17
96	80	540.95	2015-02-19	2016-09-20
97	91	72.69	2016-03-09	2015-07-29
98	78	53.14	2015-09-22	2016-05-26
99	65	439.17	2015-07-03	2015-03-26
100	52	296.23	2015-02-11	2015-03-10
101	39	505.91	2015-07-17	2015-02-05
102	26	5.65	2015-02-07	2016-08-12
103	13	69.42	2016-01-17	2016-04-05
104	300	493.54	2016-07-19	2015-03-14
105	195	1.10	2015-05-05	2015-10-17
106	182	866.54	2015-08-14	2015-05-10
107	169	74.27	2016-09-17	2015-03-16
108	156	37.45	2016-08-30	2016-08-06
109	143	1.84	2015-05-08	2015-08-31
110	130	39.45	2015-07-08	2015-03-25
111	117	133.90	2015-04-09	2016-04-04
112	104	513.10	2015-04-23	2016-02-29
113	183	767.70	2016-09-25	2015-09-15
114	170	1.11	2015-05-08	2015-06-04
115	157	490.54	2016-08-29	2016-01-13
116	144	240.19	2015-04-14	2016-03-22
117	131	1.92	2015-03-17	2015-02-16
118	118	284.65	2015-05-26	2015-05-18
119	105	2.53	2015-02-11	2016-06-09
120	92	890.86	2016-04-22	2016-09-27
121	287	57.32	2016-03-08	2016-04-26
122	274	39.36	2015-08-29	2016-03-29
123	261	348.52	2016-09-25	2015-06-16
124	248	143.23	2016-06-22	2015-08-16
125	235	449.90	2015-11-26	2015-07-03
126	222	206.41	2016-01-24	2015-12-28
127	209	1.62	2016-01-07	2015-02-26
128	196	827.79	2015-10-13	2015-12-01
129	179	381.86	2015-10-15	2015-12-30
130	166	1.82	2016-07-01	2016-01-23
131	153	64.12	2015-07-31	2016-04-10
132	140	21.74	2015-05-26	2016-02-10
133	127	622.32	2015-01-21	2016-02-26
134	114	488.94	2015-12-15	2015-12-30
135	101	20.61	2015-06-06	2016-02-07
136	88	29.65	2016-03-16	2015-04-05
137	283	158.90	2015-03-09	2016-01-10
138	270	3.21	2015-06-23	2016-06-14
139	257	176.24	2015-12-30	2016-01-29
140	244	179.92	2015-07-29	2015-05-02
141	231	781.69	2016-04-18	2016-09-22
142	218	31.62	2015-12-08	2015-08-19
143	205	910.77	2015-12-12	2016-07-16
144	192	85.90	2016-08-07	2015-09-21
145	271	238.84	2016-04-18	2016-05-27
146	258	49.96	2015-06-22	2015-09-02
147	245	256.52	2015-11-21	2015-03-31
148	232	25.45	2016-05-03	2015-11-29
149	219	140.47	2015-12-04	2015-04-07
150	206	30.77	2016-09-29	2015-05-04
151	193	601.90	2015-04-08	2015-04-10
152	180	126.20	2016-02-07	2015-03-21
153	75	7.36	2015-09-05	2015-01-20
154	62	597.68	2015-01-25	2016-06-12
155	49	446.43	2015-01-12	2015-02-10
156	36	144.80	2015-08-19	2016-08-08
157	23	142.12	2015-07-28	2016-09-23
158	10	761.93	2016-03-02	2016-04-08
159	297	98.31	2015-11-08	2015-10-06
160	284	1.94	2015-05-17	2016-08-24
161	295	67.77	2015-10-05	2015-02-23
162	282	1.32	2015-03-08	2015-07-01
163	269	2.97	2015-07-28	2016-01-08
164	256	47.92	2015-02-08	2015-07-01
165	243	17.82	2016-01-13	2016-06-11
166	230	753.10	2016-01-07	2016-04-19
167	217	176.20	2016-05-27	2015-05-28
168	204	531.68	2015-10-03	2015-11-23
169	99	380.92	2016-05-09	2015-03-20
170	86	1.66	2016-03-26	2016-07-05
171	73	1.50	2016-05-28	2016-03-17
172	60	1.84	2016-03-31	2015-11-27
173	47	18.88	2016-07-25	2015-10-07
174	34	69.37	2016-02-20	2015-08-23
175	21	1.70	2016-02-03	2016-04-05
176	8	11.69	2015-09-07	2015-03-27
177	87	208.89	2015-11-05	2015-06-24
178	74	3.20	2015-01-24	2016-08-06
179	61	9.56	2016-01-28	2015-07-17
180	48	15.89	2015-03-16	2016-04-12
181	35	23.74	2015-08-03	2015-12-30
182	22	969.68	2015-08-07	2015-08-18
183	9	1.69	2015-04-06	2016-06-18
184	296	250.36	2015-10-14	2015-03-22
185	191	415.75	2015-04-03	2015-03-12
186	178	652.28	2016-07-12	2015-03-31
187	165	16.9	2015-09-04	2015-12-23
188	152	4.48	2015-03-22	2016-05-05
189	139	442.86	2016-08-28	2015-08-07
190	126	3.26	2015-11-10	2015-05-19
191	113	26.33	2016-09-08	2015-12-11
192	100	526.77	2015-09-11	2015-04-05
193	111	1.88	2015-11-12	2016-03-26
194	98	70.22	2016-07-27	2016-04-03
195	85	856.4	2015-03-19	2015-01-03
196	72	10.81	2016-01-25	2016-01-26
197	59	830.82	2016-09-21	2016-02-01
198	46	939.9	2016-06-09	2015-08-26
199	33	2.2	2015-08-25	2015-08-05
200	20	319.22	2016-05-21	2015-11-08
\.

-- fill table payments (600)
\echo # filling table payments (600)
COPY payments (payid,tstamp,amount,invid) FROM STDIN (ENCODING 'UTF-8');
1	2015-06-11 22:04:00	119.87	34
2	2015-01-06 04:16:00	9.47	63
3	2015-04-09 08:15:00	1.51	128
4	2016-03-13 10:54:00	171.95	83
5	2016-06-19 21:10:00	2.93	39
6	2016-04-12 22:25:00	1.65	8
7	2015-01-31 20:02:00	209.67	113
8	2015-03-04 20:55:00	664.27	160
9	2015-02-28 22:45:00	780.34	91
10	2015-11-05 10:34:00	2.27	54
11	2015-11-09 15:40:00	37.68	158
12	2015-05-10 09:34:00	43.29	2
13	2015-05-15 04:44:00	21.8	166
14	2015-10-07 05:53:00	2.15	117
15	2015-01-04 07:17:00	93.69	47
16	2015-05-05 23:41:00	547.23	141
17	2015-03-02 19:14:00	1.56	1
18	2016-01-19 17:03:00	34.8	177
19	2015-05-12 00:23:00	37.58	29
20	2015-04-24 05:18:00	38.4	67
21	2016-05-23 17:41:00	477.23	200
22	2015-12-13 18:08:00	465.12	80
23	2015-03-02 09:42:00	207.69	116
24	2016-08-26 13:07:00	12.22	108
25	2016-06-30 23:03:00	3.35	78
26	2016-04-19 05:29:00	1.63	10
27	2015-03-15 20:30:00	54.86	200
28	2015-11-03 08:12:00	8.55	170
29	2015-08-25 10:35:00	4.96	39
30	2015-11-29 10:16:00	129.53	35
31	2015-11-25 15:42:00	1.18	63
32	2015-10-20 01:48:00	1.44	3
33	2016-03-02 04:51:00	542.95	191
34	2016-03-13 18:47:00	419.18	116
35	2015-09-11 20:47:00	18.80	107
36	2016-04-12 07:05:00	26.11	127
37	2016-03-21 22:09:00	958.98	24
38	2015-09-12 16:17:00	398.24	119
39	2016-01-25 18:25:00	1.95	123
40	2016-08-07 15:51:00	34.8	116
41	2015-06-19 22:15:00	1.65	70
42	2016-08-30 05:52:00	717.9	123
43	2015-12-20 02:25:00	29.65	80
44	2015-11-09 19:29:00	543.58	39
45	2015-10-15 09:28:00	18.91	17
46	2015-11-13 00:19:00	733.23	86
47	2015-01-27 14:35:00	132.30	165
48	2015-05-12 22:32:00	479.64	127
49	2015-11-30 19:06:00	7.38	38
50	2016-05-31 01:19:00	290.92	24
51	2015-01-28 15:41:00	461.44	74
52	2015-03-23 15:07:00	771.75	35
53	2016-06-19 19:22:00	617.21	10
54	2015-05-21 15:38:00	106.4	126
55	2015-09-09 14:28:00	1.18	62
56	2015-11-24 13:27:00	12.80	114
57	2015-03-24 13:43:00	117.63	134
58	2016-05-31 11:11:00	108.78	172
59	2016-01-20 09:45:00	318.62	64
60	2016-01-25 01:15:00	539.71	42
61	2015-02-04 13:06:00	1.51	104
62	2015-10-01 14:45:00	318.18	165
63	2015-02-05 17:04:00	414.92	3
64	2016-07-22 02:24:00	297.16	149
65	2015-05-24 22:06:00	41.19	182
66	2016-08-16 14:19:00	66.94	61
67	2015-11-06 13:49:00	349.16	54
68	2016-01-16 15:09:00	1.20	106
69	2015-02-06 14:52:00	17.55	76
70	2016-03-04 05:14:00	192.86	148
71	2015-05-29 00:32:00	1.44	164
72	2015-04-22 01:23:00	1.57	107
73	2016-05-11 03:01:00	165.69	98
74	2015-05-23 12:46:00	7.85	37
75	2016-06-16 22:39:00	36.90	45
76	2016-02-25 10:24:00	894.68	38
77	2016-09-19 11:39:00	561.41	45
78	2015-11-23 04:08:00	436.22	66
79	2015-04-14 21:16:00	718.65	17
80	2016-01-18 13:01:00	484.52	124
81	2016-05-23 19:55:00	1.97	176
82	2016-04-05 11:44:00	7.58	57
83	2015-02-15 00:31:00	365.11	112
84	2015-01-19 18:28:00	494.15	168
85	2015-10-15 10:28:00	391.8	71
86	2016-03-22 20:22:00	1.99	39
87	2015-02-15 06:32:00	15.49	24
88	2015-12-18 18:23:00	519.46	37
89	2016-04-28 06:03:00	118.65	151
90	2015-05-12 04:53:00	1.51	155
91	2016-07-18 09:34:00	150.51	183
92	2016-09-08 01:16:00	3.21	140
93	2015-03-31 17:03:00	43.72	119
94	2015-04-13 18:40:00	1.94	156
95	2015-02-18 10:31:00	3.1	101
96	2016-09-25 05:49:00	2.18	99
97	2016-05-30 00:53:00	98.21	59
98	2016-07-05 22:30:00	88.28	116
99	2015-12-21 17:37:00	1.51	89
100	2016-02-29 15:45:00	42.14	40
101	2016-02-12 17:22:00	317.17	52
102	2016-02-23 11:46:00	1.30	70
103	2015-03-04 22:56:00	12.76	47
104	2016-01-24 02:07:00	1.89	160
105	2015-03-30 18:54:00	94.64	173
106	2015-07-10 05:37:00	80.83	140
107	2015-04-10 19:43:00	1.26	185
108	2015-01-17 18:03:00	9.80	37
109	2016-06-15 02:22:00	559.48	11
110	2015-12-22 23:08:00	5.88	200
111	2016-02-09 02:22:00	213.12	160
112	2016-04-13 04:06:00	12.42	192
113	2015-03-16 20:39:00	134.18	108
114	2015-12-24 19:21:00	1.34	173
115	2015-01-25 00:46:00	502.63	191
116	2016-06-17 04:14:00	798.22	163
117	2016-04-30 02:17:00	948.80	17
118	2015-04-22 06:37:00	14.80	17
119	2016-06-23 11:51:00	29.91	48
120	2016-03-04 03:38:00	22.47	48
121	2016-03-22 09:14:00	131.35	62
122	2015-01-07 21:38:00	1.89	89
123	2016-07-15 07:00:00	1.99	120
124	2016-05-20 23:02:00	125.38	7
125	2015-01-16 20:31:00	1.6	103
126	2015-07-09 07:21:00	68.62	138
127	2016-04-11 20:29:00	7.53	116
128	2015-12-13 16:30:00	63.2	176
129	2016-09-24 18:24:00	519.80	143
130	2015-08-12 09:07:00	2.52	1
131	2016-08-10 08:37:00	293.50	160
132	2016-05-31 13:22:00	34.38	113
133	2015-02-13 02:37:00	182.13	196
134	2016-01-06 06:13:00	323.88	128
135	2016-06-26 15:48:00	970.80	132
136	2015-12-27 14:21:00	537.45	53
137	2016-09-29 21:36:00	4.84	181
138	2015-01-21 03:13:00	55.89	10
139	2015-01-09 00:00:00	1.66	178
140	2015-03-08 08:11:00	292.61	65
141	2016-02-24 05:21:00	156.49	72
142	2015-04-20 20:52:00	173.87	167
143	2015-12-05 00:56:00	1.51	34
144	2015-07-24 18:21:00	4.1	80
145	2016-08-27 23:41:00	112.72	52
146	2015-10-03 17:38:00	31.87	169
147	2016-03-19 22:17:00	191.61	87
148	2015-09-12 11:59:00	1.42	26
149	2016-09-28 04:13:00	769.73	115
150	2015-05-26 12:00:00	627.46	82
151	2016-03-23 06:45:00	11.29	174
152	2015-04-09 13:09:00	31.74	176
153	2015-12-25 15:53:00	616.77	103
154	2015-08-30 01:10:00	309.89	23
155	2016-04-03 17:46:00	799.44	59
156	2016-03-18 21:00:00	915.60	15
157	2016-05-10 04:47:00	217.25	4
158	2016-07-22 17:10:00	601.98	62
159	2016-07-02 07:10:00	1.77	3
160	2015-03-18 08:37:00	22.69	166
161	2016-09-02 21:43:00	1.9	109
162	2015-05-19 05:32:00	1.1	150
163	2015-09-26 05:37:00	3.50	7
164	2015-04-20 14:28:00	297.24	147
165	2015-04-20 03:02:00	1.16	80
166	2015-05-24 20:52:00	130.90	35
167	2015-05-08 20:25:00	18.57	7
168	2015-07-15 02:25:00	331.25	24
169	2016-05-26 04:01:00	96.92	179
170	2016-07-28 11:41:00	1.7	160
171	2015-10-22 09:12:00	98.89	136
172	2015-10-12 20:34:00	516.40	29
173	2016-08-22 10:16:00	134.78	152
174	2016-04-02 21:48:00	260.82	105
175	2015-05-05 17:37:00	10.65	145
176	2015-10-27 15:25:00	1.44	128
177	2015-04-29 18:46:00	1.60	83
178	2015-08-14 03:00:00	738.68	165
179	2015-05-13 01:00:00	5.55	17
180	2016-01-26 22:00:00	18.27	118
181	2015-03-05 03:45:00	953.86	91
182	2015-05-16 08:27:00	585.60	137
183	2015-08-26 12:26:00	4.99	158
184	2015-10-26 23:09:00	10.38	22
185	2016-07-10 03:06:00	665.69	62
186	2016-07-03 11:34:00	1.23	175
187	2016-05-27 16:21:00	5.86	128
188	2015-10-10 09:00:00	1.91	43
189	2016-06-24 18:35:00	3.45	48
190	2016-02-28 02:01:00	1.28	48
191	2015-08-13 17:34:00	2.69	109
192	2015-10-11 04:06:00	149.63	100
193	2016-06-16 17:36:00	156.37	28
194	2015-12-21 07:29:00	351.51	122
195	2015-02-24 05:33:00	513.17	153
196	2016-02-25 05:36:00	305.91	146
197	2015-08-05 23:08:00	1.24	81
198	2015-02-07 06:02:00	986.52	74
199	2015-07-12 17:47:00	1.32	170
200	2015-01-22 17:09:00	622.15	139
201	2016-08-31 18:35:00	2.66	197
202	2015-03-09 12:58:00	1.49	66
203	2015-09-25 22:38:00	73.54	99
204	2016-06-07 18:26:00	20.33	173
205	2015-11-14 09:26:00	492.67	184
206	2015-09-18 06:56:00	144.12	182
207	2015-09-04 13:24:00	1.3	35
208	2016-01-14 00:26:00	5.34	112
209	2016-02-20 16:34:00	209.55	33
210	2015-07-01 13:45:00	6.33	167
211	2015-11-22 11:37:00	1.74	141
212	2015-12-22 14:08:00	1.14	90
213	2016-05-27 14:38:00	1.89	59
214	2015-01-23 19:55:00	1.62	168
215	2016-02-06 23:00:00	267.91	56
216	2016-01-12 06:52:00	240.30	169
217	2015-02-27 17:18:00	1.78	6
218	2015-05-17 23:31:00	1.7	92
219	2015-04-21 03:09:00	652.38	6
220	2016-09-16 08:31:00	27.41	23
221	2015-09-19 20:12:00	2.92	109
222	2016-05-25 13:46:00	34.37	197
223	2016-01-30 12:42:00	6.97	1
224	2015-10-21 16:40:00	226.4	167
225	2015-07-31 18:29:00	10.44	129
226	2015-01-04 14:18:00	254.34	200
227	2016-02-06 13:54:00	144.30	2
228	2015-12-05 15:17:00	1.92	21
229	2015-10-12 20:46:00	3.34	19
230	2015-12-02 06:04:00	17.84	63
231	2015-09-30 20:12:00	6.59	181
232	2016-06-16 13:05:00	29.42	150
233	2015-05-08 22:34:00	1.49	73
234	2016-06-08 07:09:00	2.76	34
235	2015-03-17 21:25:00	1.36	126
236	2015-03-09 20:11:00	676.2	139
237	2016-07-29 02:21:00	1.29	173
238	2015-02-23 11:42:00	45.37	123
239	2015-12-16 08:21:00	113.51	40
240	2016-07-12 18:04:00	104.88	69
241	2015-04-01 05:41:00	316.42	86
242	2015-06-23 03:51:00	243.87	8
243	2015-02-20 22:23:00	22.93	110
244	2016-04-15 17:02:00	77.48	116
245	2016-06-02 21:19:00	31.17	64
246	2015-01-31 22:45:00	2.32	187
247	2015-01-03 07:34:00	112.88	141
248	2015-05-04 23:21:00	17.83	162
249	2016-08-09 23:06:00	1.97	78
250	2015-01-17 05:10:00	3.45	103
251	2016-09-04 14:20:00	833.29	115
252	2016-06-01 06:16:00	8.77	182
253	2016-07-29 09:57:00	80.10	18
254	2016-04-22 12:46:00	752.73	192
255	2016-01-13 00:54:00	345.34	132
256	2015-02-04 00:57:00	72.33	190
257	2015-09-15 18:43:00	126.84	26
258	2015-02-25 23:44:00	7.31	30
259	2015-11-25 16:41:00	23.73	47
260	2016-08-22 19:38:00	884.39	198
261	2015-08-31 19:07:00	38.46	106
262	2015-03-17 08:09:00	984.56	169
263	2015-12-14 20:46:00	2.30	83
264	2015-05-30 22:29:00	29.40	45
265	2015-11-09 02:34:00	10.82	16
266	2015-02-27 16:53:00	49.5	194
267	2015-12-31 20:48:00	1.24	151
268	2016-08-03 13:10:00	4.18	139
269	2015-05-12 06:49:00	338.89	16
270	2016-01-22 11:04:00	104.82	135
271	2015-01-05 23:07:00	3.5	28
272	2016-02-15 01:26:00	235.8	80
273	2015-10-24 09:00:00	1.42	89
274	2015-09-30 07:20:00	322.74	192
275	2016-08-24 15:40:00	518.58	164
276	2016-04-20 14:53:00	805.15	168
277	2016-09-12 05:23:00	53.25	8
278	2016-01-03 08:56:00	23.46	51
279	2015-08-23 17:30:00	1.72	19
280	2016-08-05 00:26:00	56.22	13
281	2016-08-24 05:50:00	567.73	135
282	2016-01-20 16:40:00	167.96	45
283	2016-07-30 16:39:00	4.69	31
284	2015-09-13 05:23:00	9.19	118
285	2016-05-18 13:24:00	254.95	165
286	2016-01-26 14:00:00	1.89	118
287	2015-09-23 18:00:00	2.36	105
288	2015-06-14 05:20:00	2.86	24
289	2015-08-13 04:22:00	41.39	44
290	2016-08-24 23:12:00	424.47	46
291	2016-05-02 12:39:00	24.12	50
292	2015-01-19 07:44:00	9.79	189
293	2015-12-07 15:20:00	7.83	82
294	2016-06-14 01:08:00	941.6	114
295	2015-01-08 20:20:00	958.40	18
296	2016-03-12 01:23:00	16.2	117
297	2016-03-17 23:56:00	215.65	141
298	2016-03-24 21:59:00	602.19	80
299	2015-08-11 08:10:00	1.39	158
300	2016-01-19 21:54:00	862.3	177
301	2015-11-21 12:36:00	28.83	25
302	2016-05-25 09:31:00	105.92	200
303	2016-08-01 00:08:00	1.60	168
304	2015-01-12 22:48:00	3.18	179
305	2015-04-29 03:42:00	1.98	182
306	2015-10-21 03:42:00	2.75	124
307	2015-05-12 00:53:00	1.63	76
308	2015-04-27 03:43:00	172.88	1
309	2015-04-22 08:54:00	696.24	96
310	2016-05-02 12:55:00	6.61	173
311	2015-09-08 17:50:00	299.31	131
312	2016-06-25 10:43:00	1.79	124
313	2016-07-29 23:17:00	106.68	148
314	2015-11-20 17:04:00	21.70	2
315	2016-05-09 00:01:00	716.41	23
316	2015-12-16 21:54:00	958.77	174
317	2016-09-03 08:15:00	898.45	124
318	2016-01-16 23:00:00	2.93	11
319	2015-08-14 18:10:00	194.79	120
320	2016-09-06 10:01:00	20.9	193
321	2015-12-11 13:19:00	13.99	147
322	2016-06-06 22:20:00	1.29	157
323	2016-06-29 22:17:00	34.96	90
324	2015-09-15 03:00:00	47.38	5
325	2016-03-03 07:02:00	6.2	108
326	2016-05-16 18:25:00	587.86	152
327	2015-10-31 19:59:00	88.26	105
328	2016-07-11 02:33:00	8.46	64
329	2015-10-29 09:34:00	1.89	89
330	2015-07-28 02:04:00	873.49	49
331	2015-07-23 09:50:00	1.68	49
332	2016-04-25 13:43:00	3.7	138
333	2015-03-03 10:44:00	334.17	101
334	2015-11-02 16:19:00	1.42	158
335	2015-03-18 08:15:00	16.78	90
336	2016-09-13 21:34:00	4.5	53
337	2016-08-15 06:05:00	38.36	77
338	2016-08-02 00:31:00	92.80	150
339	2016-01-09 14:53:00	89.2	10
340	2015-09-23 09:55:00	645.62	16
341	2015-02-28 11:28:00	882.38	124
342	2015-08-25 06:54:00	321.16	147
343	2015-07-25 06:16:00	942.9	144
344	2015-01-24 15:03:00	217.87	143
345	2016-06-05 20:45:00	880.73	30
346	2015-09-25 22:36:00	51.38	61
347	2015-09-14 04:28:00	15.70	95
348	2015-09-26 08:21:00	69.54	176
349	2015-09-26 11:16:00	46.3	42
350	2016-04-22 18:49:00	741.66	111
351	2016-02-21 08:57:00	5.35	177
352	2016-01-19 08:11:00	934.76	20
353	2016-07-08 08:17:00	16.53	108
354	2016-06-11 04:09:00	586.69	80
355	2015-01-22 09:24:00	1.78	183
356	2015-02-15 11:18:00	546.41	56
357	2016-03-02 15:59:00	40.62	91
358	2015-06-25 22:53:00	1.66	26
359	2016-05-14 21:03:00	686.93	24
360	2016-08-28 03:54:00	14.77	16
361	2016-07-18 05:35:00	15.17	46
362	2015-03-05 02:54:00	2.85	155
363	2015-05-05 10:22:00	567.23	18
364	2015-03-30 01:54:00	4.63	62
365	2015-01-12 19:14:00	132.3	130
366	2016-08-19 10:39:00	1.80	56
367	2016-06-21 23:25:00	7.93	73
368	2016-05-01 17:48:00	504.56	15
369	2015-06-30 22:35:00	262.54	176
370	2015-09-02 08:58:00	509.33	162
371	2016-07-05 03:23:00	178.54	80
372	2016-09-24 12:25:00	527.69	56
373	2016-05-13 15:37:00	1.88	193
374	2015-04-21 06:11:00	80.41	184
375	2015-10-14 18:50:00	1.96	146
376	2016-01-21 02:07:00	47.9	184
377	2015-06-26 22:43:00	386.20	70
378	2015-01-19 11:14:00	1.30	7
379	2015-07-18 08:28:00	1.58	153
380	2016-02-29 04:49:00	39.19	128
381	2015-12-19 08:25:00	2.6	91
382	2015-09-01 21:44:00	566.94	180
383	2015-10-26 02:42:00	19.52	11
384	2015-06-25 04:31:00	2.49	134
385	2016-05-08 18:38:00	1.5	3
386	2015-07-13 07:01:00	1.64	137
387	2016-03-08 04:31:00	7.99	89
388	2016-05-07 18:36:00	1.69	53
389	2015-01-21 21:10:00	15.37	93
390	2015-02-28 23:25:00	17.74	141
391	2016-02-17 12:16:00	47.57	189
392	2015-07-23 08:37:00	1.53	2
393	2016-03-26 23:18:00	515.93	84
394	2016-04-28 19:53:00	86.3	116
395	2015-04-22 02:33:00	801.48	17
396	2015-12-29 15:38:00	399.33	37
397	2016-03-05 15:44:00	957.77	66
398	2016-01-27 10:25:00	12.94	120
399	2015-02-21 19:10:00	535.2	177
400	2015-09-27 22:51:00	423.4	132
401	2016-04-26 05:22:00	88.66	176
402	2016-01-19 10:32:00	89.18	64
403	2016-04-23 13:45:00	609.8	81
404	2015-07-16 05:17:00	248.2	198
405	2015-11-07 01:25:00	189.98	6
406	2015-04-13 12:24:00	703.48	192
407	2016-09-21 01:42:00	223.15	163
408	2016-06-21 17:12:00	10.68	18
409	2015-02-27 16:01:00	588.60	173
410	2015-01-02 19:52:00	189.83	11
411	2015-11-18 04:22:00	326.58	63
412	2016-03-19 10:12:00	360.92	78
413	2016-07-27 06:17:00	283.4	148
414	2015-03-24 16:06:00	1.3	76
415	2016-03-25 12:26:00	190.28	24
416	2015-04-29 18:22:00	1.2	14
417	2016-09-06 10:41:00	342.49	10
418	2016-05-30 16:36:00	4.16	180
419	2015-10-31 05:17:00	728.56	45
420	2015-05-05 23:26:00	967.3	160
421	2016-06-20 04:31:00	291.34	74
422	2015-12-21 23:13:00	134.22	164
423	2016-05-24 01:28:00	105.68	29
424	2015-03-27 09:27:00	274.63	149
425	2015-09-06 12:14:00	5.89	87
426	2015-05-21 15:05:00	414.63	188
427	2015-08-14 16:16:00	1.42	81
428	2015-08-11 17:29:00	5.45	114
429	2016-06-03 05:41:00	260.8	122
430	2016-04-17 12:56:00	752.85	167
431	2015-10-03 17:45:00	2.87	57
432	2016-04-19 19:49:00	1.83	6
433	2015-11-01 00:22:00	1.72	30
434	2015-06-07 10:02:00	740.32	63
435	2015-05-04 07:07:00	48.22	76
436	2016-07-24 05:15:00	1.95	100
437	2016-02-13 00:57:00	1.2	56
438	2015-10-15 02:02:00	910.25	178
439	2015-12-22 04:00:00	2.73	200
440	2016-08-30 12:05:00	11.18	31
441	2016-04-03 11:58:00	2.22	106
442	2015-07-22 17:48:00	1.11	164
443	2016-08-05 16:42:00	78.33	194
444	2015-09-05 07:29:00	837.59	98
445	2015-06-16 00:46:00	11.94	80
446	2016-04-23 11:11:00	320.11	150
447	2016-02-23 15:26:00	415.54	87
448	2015-07-13 03:39:00	906.44	187
449	2016-07-20 16:12:00	1.72	34
450	2015-03-14 11:57:00	2.20	194
451	2015-08-09 23:50:00	92.50	5
452	2016-06-24 22:29:00	3.6	34
453	2015-08-23 07:02:00	355.75	20
454	2016-08-19 15:23:00	68.60	155
455	2015-08-21 20:49:00	8.51	102
456	2016-04-04 21:57:00	1.49	123
457	2016-06-19 01:46:00	572.36	79
458	2015-05-03 04:36:00	1.14	137
459	2015-09-28 20:40:00	569.15	155
460	2015-12-06 03:52:00	176.5	176
461	2015-09-06 08:01:00	121.8	92
462	2015-08-21 09:39:00	10.56	50
463	2015-06-18 17:41:00	765.59	196
464	2016-03-18 12:58:00	49.19	159
465	2015-10-22 05:00:00	639.29	90
466	2015-05-20 16:55:00	262.78	125
467	2016-06-08 03:40:00	955.44	31
468	2015-06-11 12:07:00	11.27	178
469	2015-02-25 13:53:00	1.86	116
470	2015-08-31 12:16:00	541.63	23
471	2016-09-19 14:25:00	1.91	58
472	2016-02-12 11:17:00	27.16	54
473	2016-03-16 12:05:00	6.43	153
474	2015-02-11 21:12:00	102.12	79
475	2016-09-04 06:25:00	34.77	96
476	2015-06-07 09:01:00	1.76	146
477	2015-05-25 16:59:00	484.29	22
478	2016-07-12 06:06:00	29.79	132
479	2015-06-19 23:03:00	10.59	34
480	2015-01-11 10:07:00	995.78	144
481	2015-07-07 22:37:00	1.37	75
482	2015-09-04 02:07:00	1.79	175
483	2016-09-16 04:29:00	1.74	163
484	2015-08-31 18:14:00	4.86	168
485	2015-11-24 11:35:00	731.34	189
486	2015-12-28 22:31:00	6.93	135
487	2016-02-16 18:58:00	7.13	180
488	2016-07-02 16:57:00	278.37	189
489	2015-05-15 01:04:00	1.90	177
490	2015-10-23 13:53:00	402.3	59
491	2015-01-17 17:03:00	123.99	186
492	2016-03-11 15:04:00	821.57	101
493	2015-02-17 17:31:00	90.31	186
494	2015-04-04 10:37:00	7.94	96
495	2015-07-08 02:17:00	22.51	14
496	2016-07-30 18:41:00	6.8	90
497	2016-05-27 00:05:00	111.13	146
498	2016-01-11 08:22:00	100.51	50
499	2016-03-16 17:48:00	318.71	163
500	2015-03-05 16:36:00	720.11	29
501	2016-02-23 15:14:00	79.86	21
502	2015-11-16 22:49:00	408.1	112
503	2015-04-03 03:35:00	437.66	117
504	2016-01-27 00:39:00	3.71	184
505	2015-07-17 21:31:00	8.13	160
506	2016-05-22 10:33:00	149.48	171
507	2016-08-28 18:06:00	126.51	63
508	2016-01-22 18:44:00	274.29	121
509	2015-06-22 16:01:00	9.81	21
510	2016-08-12 17:59:00	15.15	165
511	2016-06-16 19:49:00	44.65	92
512	2016-08-31 08:21:00	295.77	172
513	2016-02-09 22:02:00	302.83	86
514	2015-06-30 14:04:00	1.95	17
515	2016-07-27 05:17:00	27.34	144
516	2016-08-31 12:04:00	461.50	116
517	2016-01-11 00:48:00	729.2	53
518	2015-09-25 04:00:00	156.21	75
519	2016-04-29 06:33:00	706.27	6
520	2015-01-08 09:13:00	2.18	41
521	2016-05-14 00:36:00	836.76	67
522	2016-05-29 18:40:00	59.84	106
523	2015-09-27 17:39:00	2.69	104
524	2016-05-06 12:29:00	51.34	68
525	2015-04-23 01:24:00	1.26	198
526	2016-07-12 05:35:00	62.96	125
527	2015-11-17 01:07:00	545.34	118
528	2015-05-21 17:34:00	101.26	140
529	2015-11-06 23:10:00	69.36	42
530	2015-06-01 16:51:00	964.82	36
531	2016-06-06 11:42:00	806.9	41
532	2016-01-15 11:41:00	3.44	133
533	2016-08-22 23:21:00	603.62	58
534	2015-08-22 06:33:00	12.78	127
535	2015-03-24 12:29:00	21.1	12
536	2015-03-11 15:35:00	919.21	17
537	2015-02-28 20:40:00	1.83	162
538	2015-05-20 03:41:00	1.38	34
539	2015-07-14 20:23:00	7.10	80
540	2016-06-01 22:46:00	6.58	196
541	2015-06-05 21:07:00	12.79	33
542	2016-08-01 04:41:00	44.47	99
543	2015-10-21 06:52:00	10.13	166
544	2015-04-14 17:43:00	6.88	179
545	2015-06-27 03:37:00	153.7	115
546	2016-01-16 06:42:00	592.86	168
547	2016-01-14 21:22:00	1.20	124
548	2015-12-16 05:19:00	189.83	152
549	2016-04-10 11:53:00	3.67	114
550	2016-06-08 18:29:00	2.34	69
551	2015-06-24 02:23:00	389.96	200
552	2016-06-10 02:28:00	500.93	186
553	2016-06-02 12:34:00	502.92	108
554	2016-08-22 03:15:00	471.19	68
555	2016-07-05 11:45:00	1.87	2
556	2016-08-13 17:20:00	2.75	193
557	2016-05-18 15:34:00	431.45	82
558	2016-08-17 07:55:00	508.30	7
559	2015-01-23 00:13:00	4.13	186
560	2016-07-27 02:50:00	1.42	52
561	2016-09-12 15:15:00	917.72	13
562	2016-03-31 15:55:00	10.91	21
563	2015-01-02 00:38:00	38.14	94
564	2015-09-02 05:25:00	14.72	101
565	2016-02-09 07:54:00	912.49	60
566	2015-10-28 15:04:00	521.37	130
567	2015-09-15 11:20:00	1.43	3
568	2015-12-16 01:09:00	976.63	55
569	2016-05-14 18:26:00	17.28	92
570	2015-09-24 03:38:00	30.95	186
571	2016-04-17 09:12:00	499.86	116
572	2016-07-17 12:00:00	12.49	158
573	2015-03-13 06:45:00	1.96	129
574	2015-02-23 07:50:00	17.30	125
575	2016-03-11 13:19:00	965.53	132
576	2015-05-01 13:45:00	10.48	6
577	2016-06-05 19:52:00	663.68	135
578	2015-03-17 01:58:00	3.26	9
579	2016-09-22 20:31:00	11.68	199
580	2015-11-13 00:06:00	3.76	82
581	2016-03-04 14:21:00	6.26	164
582	2015-03-24 19:39:00	1.15	200
583	2016-05-09 19:05:00	127.89	198
584	2015-06-20 20:24:00	329.30	55
585	2015-07-03 22:44:00	1.33	125
586	2015-03-07 16:14:00	861.54	186
587	2015-06-05 19:40:00	17.27	163
588	2016-01-24 03:06:00	172.55	119
589	2015-06-03 23:10:00	5.21	153
590	2016-08-25 14:01:00	62.93	162
591	2016-01-11 07:12:00	91.80	155
592	2015-08-02 18:48:00	41.6	144
593	2015-10-13 03:20:00	223.15	160
594	2015-08-01 16:21:00	448.71	13
595	2015-05-25 19:36:00	402.12	38
596	2015-03-11 19:38:00	4.65	190
597	2016-07-16 08:05:00	3.64	70
598	2015-02-10 03:41:00	1.76	133
599	2016-02-09 15:34:00	501.73	178
600	2016-07-19 06:56:00	10.73	4
\.

-- restart sequences

-- analyze modified tables
ANALYZE customers;
ANALYZE products;
ANALYZE orders;
ANALYZE details;
ANALYZE invoices;
ANALYZE payments;
